"filename", "language", "JSON", "JSON with Comments", "Markdown", "TypeScript", "JavaScript", "XML", "CSS", "HTML", "SCSS", "comment", "blank", "total"
"d:\Work Dev\source\repos\Makro-IMS\Makro.IMS\Makro.IMS.Web\Menu-Structor.md", "Markdown", 0, 0, 26, 0, 0, 0, 0, 0, 0, 0, 7, 33
"d:\Work Dev\source\repos\Makro-IMS\Makro.IMS\Makro.IMS.Web\README.md", "Markdown", 0, 0, 14, 0, 0, 0, 0, 0, 0, 0, 14, 28
"d:\Work Dev\source\repos\Makro-IMS\Makro.IMS\Makro.IMS.Web\angular.json", "JSON", 125, 0, 0, 0, 0, 0, 0, 0, 0, 0, 1, 126
"d:\Work Dev\source\repos\Makro-IMS\Makro.IMS\Makro.IMS.Web\karma.conf.js", "JavaScript", 0, 0, 0, 0, 37, 0, 0, 0, 0, 6, 2, 45
"d:\Work Dev\source\repos\Makro-IMS\Makro.IMS\Makro.IMS.Web\package-lock.json", "JSON", 22951, 0, 0, 0, 0, 0, 0, 0, 0, 0, 1, 22952
"d:\Work Dev\source\repos\Makro-IMS\Makro.IMS\Makro.IMS.Web\package.json", "JSON", 57, 0, 0, 0, 0, 0, 0, 0, 0, 0, 1, 58
"d:\Work Dev\source\repos\Makro-IMS\Makro.IMS\Makro.IMS.Web\src\app\@core\models\account\role.model.ts", "TypeScript", 0, 0, 0, 5, 0, 0, 0, 0, 0, 0, 3, 8
"d:\Work Dev\source\repos\Makro-IMS\Makro.IMS\Makro.IMS.Web\src\app\@core\models\account\translate.model.ts", "TypeScript", 0, 0, 0, 4, 0, 0, 0, 0, 0, 0, 1, 5
"d:\Work Dev\source\repos\Makro-IMS\Makro.IMS\Makro.IMS.Web\src\app\@core\models\account\user.model.ts", "TypeScript", 0, 0, 0, 23, 0, 0, 0, 0, 0, 0, 7, 30
"d:\Work Dev\source\repos\Makro-IMS\Makro.IMS\Makro.IMS.Web\src\app\@core\models\auth\login-model.ts", "TypeScript", 0, 0, 0, 12, 0, 0, 0, 0, 0, 0, 3, 15
"d:\Work Dev\source\repos\Makro-IMS\Makro.IMS\Makro.IMS.Web\src\app\@core\models\auth\token-model.ts", "TypeScript", 0, 0, 0, 6, 0, 0, 0, 0, 0, 0, 3, 9
"d:\Work Dev\source\repos\Makro-IMS\Makro.IMS\Makro.IMS.Web\src\app\@core\models\base.ts", "TypeScript", 0, 0, 0, 6, 0, 0, 0, 0, 0, 0, 1, 7
"d:\Work Dev\source\repos\Makro-IMS\Makro.IMS\Makro.IMS.Web\src\app\@core\models\booking\booking-capacity.ts", "TypeScript", 0, 0, 0, 10, 0, 0, 0, 0, 0, 0, 2, 12
"d:\Work Dev\source\repos\Makro-IMS\Makro.IMS\Makro.IMS.Web\src\app\@core\models\booking\booking-create-excel.model.ts", "TypeScript", 0, 0, 0, 30, 0, 0, 0, 0, 0, 0, 6, 36
"d:\Work Dev\source\repos\Makro-IMS\Makro.IMS\Makro.IMS.Web\src\app\@core\models\booking\booking-create.model.ts", "TypeScript", 0, 0, 0, 23, 0, 0, 0, 0, 0, 0, 3, 26
"d:\Work Dev\source\repos\Makro-IMS\Makro.IMS\Makro.IMS.Web\src\app\@core\models\booking\booking-header.model.ts", "TypeScript", 0, 0, 0, 240, 0, 0, 0, 0, 0, 1, 19, 260
"d:\Work Dev\source\repos\Makro-IMS\Makro.IMS\Makro.IMS.Web\src\app\@core\models\booking\booking-truck-log.model.ts", "TypeScript", 0, 0, 0, 10, 0, 0, 0, 0, 0, 0, 2, 12
"d:\Work Dev\source\repos\Makro-IMS\Makro.IMS\Makro.IMS.Web\src\app\@core\models\booking\check-in-out.model.ts", "TypeScript", 0, 0, 0, 25, 0, 0, 0, 0, 0, 0, 4, 29
"d:\Work Dev\source\repos\Makro-IMS\Makro.IMS\Makro.IMS.Web\src\app\@core\models\booking\po.model.ts", "TypeScript", 0, 0, 0, 22, 0, 0, 0, 0, 0, 0, 2, 24
"d:\Work Dev\source\repos\Makro-IMS\Makro.IMS\Makro.IMS.Web\src\app\@core\models\booking\pre-check-in-excel.model.ts", "TypeScript", 0, 0, 0, 18, 0, 0, 0, 0, 0, 0, 3, 21
"d:\Work Dev\source\repos\Makro-IMS\Makro.IMS\Makro.IMS.Web\src\app\@core\models\dashboard\summary-booking.model.ts", "TypeScript", 0, 0, 0, 16, 0, 0, 0, 0, 0, 0, 3, 19
"d:\Work Dev\source\repos\Makro-IMS\Makro.IMS\Makro.IMS.Web\src\app\@core\models\master\door.model.ts", "TypeScript", 0, 0, 0, 12, 0, 0, 0, 0, 0, 0, 2, 14
"d:\Work Dev\source\repos\Makro-IMS\Makro.IMS\Makro.IMS.Web\src\app\@core\models\master\est-time.model.ts", "TypeScript", 0, 0, 0, 7, 0, 0, 0, 0, 0, 0, 3, 10
"d:\Work Dev\source\repos\Makro-IMS\Makro.IMS\Makro.IMS.Web\src\app\@core\models\master\operation-capacity.model.ts", "TypeScript", 0, 0, 0, 14, 0, 0, 0, 0, 0, 0, 2, 16
"d:\Work Dev\source\repos\Makro-IMS\Makro.IMS\Makro.IMS.Web\src\app\@core\models\master\operation-fix-slot.model.ts", "TypeScript", 0, 0, 0, 15, 0, 0, 0, 0, 0, 0, 3, 18
"d:\Work Dev\source\repos\Makro-IMS\Makro.IMS\Makro.IMS.Web\src\app\@core\models\master\operation-time.model.ts", "TypeScript", 0, 0, 0, 8, 0, 0, 0, 0, 0, 0, 2, 10
"d:\Work Dev\source\repos\Makro-IMS\Makro.IMS\Makro.IMS.Web\src\app\@core\models\master\operation.model.ts", "TypeScript", 0, 0, 0, 9, 0, 0, 0, 0, 0, 0, 2, 11
"d:\Work Dev\source\repos\Makro-IMS\Makro.IMS\Makro.IMS.Web\src\app\@core\models\master\supplier.model.ts", "TypeScript", 0, 0, 0, 42, 0, 0, 0, 0, 0, 0, 4, 46
"d:\Work Dev\source\repos\Makro-IMS\Makro.IMS\Makro.IMS.Web\src\app\@core\models\master\truck-master.model.ts", "TypeScript", 0, 0, 0, 9, 0, 0, 0, 0, 0, 0, 2, 11
"d:\Work Dev\source\repos\Makro-IMS\Makro.IMS\Makro.IMS.Web\src\app\@core\models\master\warehouse-capacity.model.ts", "TypeScript", 0, 0, 0, 31, 0, 0, 0, 0, 0, 0, 5, 36
"d:\Work Dev\source\repos\Makro-IMS\Makro.IMS\Makro.IMS.Web\src\app\@core\models\master\warehouse-operation-capacity.model.ts", "TypeScript", 0, 0, 0, 32, 0, 0, 0, 0, 0, 0, 5, 37
"d:\Work Dev\source\repos\Makro-IMS\Makro.IMS\Makro.IMS.Web\src\app\@core\models\master\warehouse.model.ts", "TypeScript", 0, 0, 0, 47, 0, 0, 0, 0, 0, 1, 9, 57
"d:\Work Dev\source\repos\Makro-IMS\Makro.IMS\Makro.IMS.Web\src\app\@core\models\menu\app-menu.model.ts", "TypeScript", 0, 0, 0, 60, 0, 0, 0, 0, 0, 0, 1, 61
"d:\Work Dev\source\repos\Makro-IMS\Makro.IMS\Makro.IMS.Web\src\app\@core\models\menu\auth-menu.model.ts", "TypeScript", 0, 0, 0, 181, 0, 0, 0, 0, 0, 17, 24, 222
"d:\Work Dev\source\repos\Makro-IMS\Makro.IMS\Makro.IMS.Web\src\app\@core\models\menu\menuchangeevent.ts", "TypeScript", 0, 0, 0, 4, 0, 0, 0, 0, 0, 0, 0, 4
"d:\Work Dev\source\repos\Makro-IMS\Makro.IMS\Makro.IMS.Web\src\app\@core\models\page-result.model.ts", "TypeScript", 0, 0, 0, 7, 0, 0, 0, 0, 0, 0, 1, 8
"d:\Work Dev\source\repos\Makro-IMS\Makro.IMS\Makro.IMS.Web\src\app\@core\models\queuemanage\manage-queue.model.ts", "TypeScript", 0, 0, 0, 79, 0, 0, 0, 0, 0, 0, 5, 84
"d:\Work Dev\source\repos\Makro-IMS\Makro.IMS\Makro.IMS.Web\src\app\@core\models\queuemanage\queue-action.model.ts", "TypeScript", 0, 0, 0, 11, 0, 0, 0, 0, 0, 0, 0, 11
"d:\Work Dev\source\repos\Makro-IMS\Makro.IMS\Makro.IMS.Web\src\app\@core\models\report\report-dockdoorcontrol.ts", "TypeScript", 0, 0, 0, 17, 0, 0, 0, 0, 0, 0, 2, 19
"d:\Work Dev\source\repos\Makro-IMS\Makro.IMS\Makro.IMS.Web\src\app\@core\models\report\report-gatepass.ts", "TypeScript", 0, 0, 0, 28, 0, 0, 0, 0, 0, 0, 1, 29
"d:\Work Dev\source\repos\Makro-IMS\Makro.IMS\Makro.IMS.Web\src\app\@core\models\report\report-slottimebooking.ts", "TypeScript", 0, 0, 0, 8, 0, 0, 0, 0, 0, 0, 1, 9
"d:\Work Dev\source\repos\Makro-IMS\Makro.IMS\Makro.IMS.Web\src\app\@core\models\report\report-summarybooking.ts", "TypeScript", 0, 0, 0, 14, 0, 0, 0, 0, 0, 0, 1, 15
"d:\Work Dev\source\repos\Makro-IMS\Makro.IMS\Makro.IMS.Web\src\app\@core\models\report\report-transactiontrack.ts", "TypeScript", 0, 0, 0, 58, 0, 0, 0, 0, 0, 0, 1, 59
"d:\Work Dev\source\repos\Makro-IMS\Makro.IMS\Makro.IMS.Web\src\app\@core\models\report\report-truckstatus.ts", "TypeScript", 0, 0, 0, 14, 0, 0, 0, 0, 0, 0, 1, 15
"d:\Work Dev\source\repos\Makro-IMS\Makro.IMS\Makro.IMS.Web\src\app\@core\services\account\role.service.ts", "TypeScript", 0, 0, 0, 26, 0, 0, 0, 0, 0, 0, 8, 34
"d:\Work Dev\source\repos\Makro-IMS\Makro.IMS\Makro.IMS.Web\src\app\@core\services\account\user.service.ts", "TypeScript", 0, 0, 0, 61, 0, 0, 0, 0, 0, 0, 19, 80
"d:\Work Dev\source\repos\Makro-IMS\Makro.IMS\Makro.IMS.Web\src\app\@core\services\api.service.ts", "TypeScript", 0, 0, 0, 52, 0, 0, 0, 0, 0, 0, 12, 64
"d:\Work Dev\source\repos\Makro-IMS\Makro.IMS\Makro.IMS.Web\src\app\@core\services\booking\booking-header.service.ts", "TypeScript", 0, 0, 0, 164, 0, 0, 0, 0, 0, 0, 31, 195
"d:\Work Dev\source\repos\Makro-IMS\Makro.IMS\Makro.IMS.Web\src\app\@core\services\booking\booking-key.service.ts", "TypeScript", 0, 0, 0, 24, 0, 0, 0, 0, 0, 0, 6, 30
"d:\Work Dev\source\repos\Makro-IMS\Makro.IMS\Makro.IMS.Web\src\app\@core\services\booking\check-in.service.ts", "TypeScript", 0, 0, 0, 68, 0, 0, 0, 0, 0, 116, 16, 200
"d:\Work Dev\source\repos\Makro-IMS\Makro.IMS\Makro.IMS.Web\src\app\@core\services\booking\create-booking-excel.service.ts", "TypeScript", 0, 0, 0, 21, 0, 0, 0, 0, 0, 0, 5, 26
"d:\Work Dev\source\repos\Makro-IMS\Makro.IMS\Makro.IMS.Web\src\app\@core\services\booking\po.service.ts", "TypeScript", 0, 0, 0, 42, 0, 0, 0, 0, 0, 0, 9, 51
"d:\Work Dev\source\repos\Makro-IMS\Makro.IMS\Makro.IMS.Web\src\app\@core\services\booking\pre-check-in-excel.service.ts", "TypeScript", 0, 0, 0, 20, 0, 0, 0, 0, 0, 0, 5, 25
"d:\Work Dev\source\repos\Makro-IMS\Makro.IMS\Makro.IMS.Web\src\app\@core\services\language.service.ts", "TypeScript", 0, 0, 0, 17, 0, 0, 0, 0, 0, 0, 4, 21
"d:\Work Dev\source\repos\Makro-IMS\Makro.IMS\Makro.IMS.Web\src\app\@core\services\layout\layout.service.ts", "TypeScript", 0, 0, 0, 87, 0, 0, 0, 0, 0, 0, 22, 109
"d:\Work Dev\source\repos\Makro-IMS\Makro.IMS\Makro.IMS.Web\src\app\@core\services\master\door.service.ts", "TypeScript", 0, 0, 0, 54, 0, 0, 0, 0, 0, 0, 16, 70
"d:\Work Dev\source\repos\Makro-IMS\Makro.IMS\Makro.IMS.Web\src\app\@core\services\master\est-time.service.ts", "TypeScript", 0, 0, 0, 22, 0, 0, 0, 0, 0, 0, 6, 28
"d:\Work Dev\source\repos\Makro-IMS\Makro.IMS\Makro.IMS.Web\src\app\@core\services\master\operation.service.ts", "TypeScript", 0, 0, 0, 94, 0, 0, 0, 0, 0, 0, 22, 116
"d:\Work Dev\source\repos\Makro-IMS\Makro.IMS\Makro.IMS.Web\src\app\@core\services\master\supplier-group.service.ts", "TypeScript", 0, 0, 0, 46, 0, 0, 0, 0, 0, 0, 12, 58
"d:\Work Dev\source\repos\Makro-IMS\Makro.IMS\Makro.IMS.Web\src\app\@core\services\master\supplier.service.ts", "TypeScript", 0, 0, 0, 54, 0, 0, 0, 0, 0, 0, 15, 69
"d:\Work Dev\source\repos\Makro-IMS\Makro.IMS\Makro.IMS.Web\src\app\@core\services\master\truckMaster.service.ts", "TypeScript", 0, 0, 0, 18, 0, 0, 0, 0, 0, 0, 5, 23
"d:\Work Dev\source\repos\Makro-IMS\Makro.IMS\Makro.IMS.Web\src\app\@core\services\master\warehouse-capacity.service.ts", "TypeScript", 0, 0, 0, 59, 0, 0, 0, 0, 0, 0, 16, 75
"d:\Work Dev\source\repos\Makro-IMS\Makro.IMS\Makro.IMS.Web\src\app\@core\services\master\warehouse-operation-capacity.service.ts", "TypeScript", 0, 0, 0, 52, 0, 0, 0, 0, 0, 0, 13, 65
"d:\Work Dev\source\repos\Makro-IMS\Makro.IMS\Makro.IMS.Web\src\app\@core\services\master\warehouse.service.ts", "TypeScript", 0, 0, 0, 45, 0, 0, 0, 0, 0, 0, 10, 55
"d:\Work Dev\source\repos\Makro-IMS\Makro.IMS\Makro.IMS.Web\src\app\@core\services\menu\app.menu.service.ts", "TypeScript", 0, 0, 0, 18, 0, 0, 0, 0, 0, 0, 5, 23
"d:\Work Dev\source\repos\Makro-IMS\Makro.IMS\Makro.IMS.Web\src\app\@core\services\paging.service.ts", "TypeScript", 0, 0, 0, 165, 0, 0, 0, 0, 0, 5, 35, 205
"d:\Work Dev\source\repos\Makro-IMS\Makro.IMS\Makro.IMS.Web\src\app\@core\services\queuemanage\manage-queue.service.ts", "TypeScript", 0, 0, 0, 149, 0, 0, 0, 0, 0, 168, 28, 345
"d:\Work Dev\source\repos\Makro-IMS\Makro.IMS\Makro.IMS.Web\src\app\@core\services\report\report.service.ts", "TypeScript", 0, 0, 0, 53, 0, 0, 0, 0, 0, 0, 13, 66
"d:\Work Dev\source\repos\Makro-IMS\Makro.IMS\Makro.IMS.Web\src\app\@core\services\signalr.service.ts", "TypeScript", 0, 0, 0, 27, 0, 0, 0, 0, 0, 0, 14, 41
"d:\Work Dev\source\repos\Makro-IMS\Makro.IMS\Makro.IMS.Web\src\app\@theme\components\access\access.component.html", "HTML", 0, 0, 0, 0, 0, 0, 0, 50, 0, 0, 1, 51
"d:\Work Dev\source\repos\Makro-IMS\Makro.IMS\Makro.IMS.Web\src\app\@theme\components\access\access.component.ts", "TypeScript", 0, 0, 0, 6, 0, 0, 0, 0, 0, 0, 2, 8
"d:\Work Dev\source\repos\Makro-IMS\Makro.IMS\Makro.IMS.Web\src\app\@theme\components\config\config.component.html", "HTML", 0, 0, 0, 0, 0, 0, 0, 66, 0, 65, 9, 140
"d:\Work Dev\source\repos\Makro-IMS\Makro.IMS\Makro.IMS.Web\src\app\@theme\components\config\config.component.ts", "TypeScript", 0, 0, 0, 121, 0, 0, 0, 0, 0, 40, 33, 194
"d:\Work Dev\source\repos\Makro-IMS\Makro.IMS\Makro.IMS.Web\src\app\@theme\components\config\config.module.ts", "TypeScript", 0, 0, 0, 10, 0, 0, 0, 0, 0, 0, 2, 12
"d:\Work Dev\source\repos\Makro-IMS\Makro.IMS\Makro.IMS.Web\src\app\@theme\components\error\error.component.html", "HTML", 0, 0, 0, 0, 0, 0, 0, 51, 0, 27, 1, 79
"d:\Work Dev\source\repos\Makro-IMS\Makro.IMS\Makro.IMS.Web\src\app\@theme\components\error\error.component.ts", "TypeScript", 0, 0, 0, 6, 0, 0, 0, 0, 0, 0, 1, 7
"d:\Work Dev\source\repos\Makro-IMS\Makro.IMS\Makro.IMS.Web\src\app\@theme\components\menu\menu.component.html", "HTML", 0, 0, 0, 0, 0, 0, 0, 12, 0, 0, 1, 13
"d:\Work Dev\source\repos\Makro-IMS\Makro.IMS\Makro.IMS.Web\src\app\@theme\components\menu\menu.component.ts", "TypeScript", 0, 0, 0, 91, 0, 0, 0, 0, 0, 0, 18, 109
"d:\Work Dev\source\repos\Makro-IMS\Makro.IMS\Makro.IMS.Web\src\app\@theme\components\menu\menu.ts", "TypeScript", 0, 0, 0, 221, 0, 0, 0, 0, 0, 10, 3, 234
"d:\Work Dev\source\repos\Makro-IMS\Makro.IMS\Makro.IMS.Web\src\app\@theme\components\menuitem\menuitem.component.ts", "TypeScript", 0, 0, 0, 233, 0, 0, 0, 0, 0, 3, 30, 266
"d:\Work Dev\source\repos\Makro-IMS\Makro.IMS\Makro.IMS.Web\src\app\@theme\components\modal\po-dialog\po-dialog.component.html", "HTML", 0, 0, 0, 0, 0, 0, 0, 44, 0, 0, 3, 47
"d:\Work Dev\source\repos\Makro-IMS\Makro.IMS\Makro.IMS.Web\src\app\@theme\components\modal\po-dialog\po-dialog.component.ts", "TypeScript", 0, 0, 0, 81, 0, 0, 0, 0, 0, 0, 19, 100
"d:\Work Dev\source\repos\Makro-IMS\Makro.IMS\Makro.IMS.Web\src\app\@theme\components\modal\slot-time-modal\slot-time-modal.component.html", "HTML", 0, 0, 0, 0, 0, 0, 0, 36, 0, 0, 2, 38
"d:\Work Dev\source\repos\Makro-IMS\Makro.IMS\Makro.IMS.Web\src\app\@theme\components\modal\slot-time-modal\slot-time-modal.component.scss", "SCSS", 0, 0, 0, 0, 0, 0, 0, 0, 12, 5, 4, 21
"d:\Work Dev\source\repos\Makro-IMS\Makro.IMS\Makro.IMS.Web\src\app\@theme\components\modal\slot-time-modal\slot-time-modal.component.ts", "TypeScript", 0, 0, 0, 279, 0, 0, 0, 0, 0, 19, 74, 372
"d:\Work Dev\source\repos\Makro-IMS\Makro.IMS\Makro.IMS.Web\src\app\@theme\components\modal\status-modal\status-modal.component.html", "HTML", 0, 0, 0, 0, 0, 0, 0, 23, 0, 0, 1, 24
"d:\Work Dev\source\repos\Makro-IMS\Makro.IMS\Makro.IMS.Web\src\app\@theme\components\modal\status-modal\status-modal.component.scss", "SCSS", 0, 0, 0, 0, 0, 0, 0, 0, 11, 5, 4, 20
"d:\Work Dev\source\repos\Makro-IMS\Makro.IMS\Makro.IMS.Web\src\app\@theme\components\modal\status-modal\status-modal.component.ts", "TypeScript", 0, 0, 0, 196, 0, 0, 0, 0, 0, 1, 29, 226
"d:\Work Dev\source\repos\Makro-IMS\Makro.IMS\Makro.IMS.Web\src\app\@theme\components\notfound\notfound.component.html", "HTML", 0, 0, 0, 0, 0, 0, 0, 110, 0, 0, 1, 111
"d:\Work Dev\source\repos\Makro-IMS\Makro.IMS\Makro.IMS.Web\src\app\@theme\components\notfound\notfound.component.ts", "TypeScript", 0, 0, 0, 6, 0, 0, 0, 0, 0, 0, 1, 7
"d:\Work Dev\source\repos\Makro-IMS\Makro.IMS\Makro.IMS.Web\src\app\@theme\components\sidebar\sidebar.component.html", "HTML", 0, 0, 0, 0, 0, 0, 0, 1, 0, 0, 1, 2
"d:\Work Dev\source\repos\Makro-IMS\Makro.IMS\Makro.IMS.Web\src\app\@theme\components\sidebar\sidebar.component.ts", "TypeScript", 0, 0, 0, 9, 0, 0, 0, 0, 0, 0, 2, 11
"d:\Work Dev\source\repos\Makro-IMS\Makro.IMS\Makro.IMS.Web\src\app\@theme\components\table-page-list\custom-table-state-storage.ts", "TypeScript", 0, 0, 0, 0, 0, 0, 0, 0, 0, 0, 1, 1
"d:\Work Dev\source\repos\Makro-IMS\Makro.IMS\Makro.IMS.Web\src\app\@theme\components\table-page-list\table-page-list.component.html", "HTML", 0, 0, 0, 0, 0, 0, 0, 433, 0, 17, 4, 454
"d:\Work Dev\source\repos\Makro-IMS\Makro.IMS\Makro.IMS.Web\src\app\@theme\components\table-page-list\table-page-list.component.ts", "TypeScript", 0, 0, 0, 195, 0, 0, 0, 0, 0, 33, 39, 267
"d:\Work Dev\source\repos\Makro-IMS\Makro.IMS\Makro.IMS.Web\src\app\@theme\components\topbar\topbar.component.html", "HTML", 0, 0, 0, 0, 0, 0, 0, 135, 0, 23, 15, 173
"d:\Work Dev\source\repos\Makro-IMS\Makro.IMS\Makro.IMS.Web\src\app\@theme\components\topbar\topbar.component.ts", "TypeScript", 0, 0, 0, 114, 0, 0, 0, 0, 0, 1, 22, 137
"d:\Work Dev\source\repos\Makro-IMS\Makro.IMS\Makro.IMS.Web\src\app\@theme\layouts\layout.component.html", "HTML", 0, 0, 0, 0, 0, 0, 0, 15, 0, 2, 1, 18
"d:\Work Dev\source\repos\Makro-IMS\Makro.IMS\Makro.IMS.Web\src\app\@theme\layouts\layout.component.ts", "TypeScript", 0, 0, 0, 127, 0, 0, 0, 0, 0, 11, 18, 156
"d:\Work Dev\source\repos\Makro-IMS\Makro.IMS\Makro.IMS.Web\src\app\@theme\layouts\layout.module.ts", "TypeScript", 0, 0, 0, 42, 0, 0, 0, 0, 0, 0, 3, 45
"d:\Work Dev\source\repos\Makro-IMS\Makro.IMS\Makro.IMS.Web\src\app\@theme\styles\_config.scss", "SCSS", 0, 0, 0, 0, 0, 0, 0, 0, 39, 0, 4, 43
"d:\Work Dev\source\repos\Makro-IMS\Makro.IMS\Makro.IMS.Web\src\app\@theme\styles\_content.scss", "SCSS", 0, 0, 0, 0, 0, 0, 0, 0, 11, 0, 2, 13
"d:\Work Dev\source\repos\Makro-IMS\Makro.IMS\Makro.IMS.Web\src\app\@theme\styles\_footer.scss", "SCSS", 0, 0, 0, 0, 0, 0, 0, 0, 8, 0, 1, 9
"d:\Work Dev\source\repos\Makro-IMS\Makro.IMS\Makro.IMS.Web\src\app\@theme\styles\_main.scss", "SCSS", 0, 0, 0, 0, 0, 0, 0, 0, 25, 30, 9, 64
"d:\Work Dev\source\repos\Makro-IMS\Makro.IMS\Makro.IMS.Web\src\app\@theme\styles\_menu.scss", "SCSS", 0, 0, 0, 0, 0, 0, 0, 0, 121, 0, 22, 143
"d:\Work Dev\source\repos\Makro-IMS\Makro.IMS\Makro.IMS.Web\src\app\@theme\styles\_mixins.scss", "SCSS", 0, 0, 0, 0, 0, 0, 0, 0, 12, 0, 2, 14
"d:\Work Dev\source\repos\Makro-IMS\Makro.IMS\Makro.IMS.Web\src\app\@theme\styles\_preloading.scss", "SCSS", 0, 0, 0, 0, 0, 0, 0, 0, 44, 0, 4, 48
"d:\Work Dev\source\repos\Makro-IMS\Makro.IMS\Makro.IMS.Web\src\app\@theme\styles\_responsive.scss", "SCSS", 0, 0, 0, 0, 0, 0, 0, 0, 89, 0, 17, 106
"d:\Work Dev\source\repos\Makro-IMS\Makro.IMS\Makro.IMS.Web\src\app\@theme\styles\_topbar.scss", "SCSS", 0, 0, 0, 0, 0, 0, 0, 0, 130, 0, 23, 153
"d:\Work Dev\source\repos\Makro-IMS\Makro.IMS\Makro.IMS.Web\src\app\@theme\styles\_typography.scss", "SCSS", 0, 0, 0, 0, 0, 0, 0, 0, 51, 0, 13, 64
"d:\Work Dev\source\repos\Makro-IMS\Makro.IMS\Makro.IMS.Web\src\app\@theme\styles\_utils.scss", "SCSS", 0, 0, 0, 0, 0, 0, 0, 0, 23, 1, 3, 27
"d:\Work Dev\source\repos\Makro-IMS\Makro.IMS\Makro.IMS.Web\src\app\@theme\styles\_variables.scss", "SCSS", 0, 0, 0, 0, 0, 0, 0, 0, 3, 1, 1, 5
"d:\Work Dev\source\repos\Makro-IMS\Makro.IMS\Makro.IMS.Web\src\app\@theme\styles\badges.scss", "SCSS", 0, 0, 0, 0, 0, 0, 0, 0, 38, 0, 9, 47
"d:\Work Dev\source\repos\Makro-IMS\Makro.IMS\Makro.IMS.Web\src\app\@theme\styles\custom.scss", "SCSS", 0, 0, 0, 0, 0, 0, 0, 0, 228, 0, 30, 258
"d:\Work Dev\source\repos\Makro-IMS\Makro.IMS\Makro.IMS.Web\src\app\@theme\styles\layout.scss", "SCSS", 0, 0, 0, 0, 0, 0, 0, 0, 12, 0, 1, 13
"d:\Work Dev\source\repos\Makro-IMS\Makro.IMS\Makro.IMS.Web\src\app\@theme\styles\material.css", "CSS", 0, 0, 0, 0, 0, 0, 1, 0, 0, 0, 0, 1
"d:\Work Dev\source\repos\Makro-IMS\Makro.IMS\Makro.IMS.Web\src\app\@theme\styles\opennew.css", "CSS", 0, 0, 0, 0, 0, 0, 198, 0, 0, 6, 44, 248
"d:\Work Dev\source\repos\Makro-IMS\Makro.IMS\Makro.IMS.Web\src\app\@theme\styles\styles.scss", "SCSS", 0, 0, 0, 0, 0, 0, 0, 0, 16, 1, 5, 22
"d:\Work Dev\source\repos\Makro-IMS\Makro.IMS\Makro.IMS.Web\src\app\@theme\theme.module.ts", "TypeScript", 0, 0, 0, 120, 0, 0, 0, 0, 0, 0, 7, 127
"d:\Work Dev\source\repos\Makro-IMS\Makro.IMS\Makro.IMS.Web\src\app\app-routing.module.ts", "TypeScript", 0, 0, 0, 28, 0, 0, 0, 0, 0, 0, 3, 31
"d:\Work Dev\source\repos\Makro-IMS\Makro.IMS\Makro.IMS.Web\src\app\app.component.ts", "TypeScript", 0, 0, 0, 33, 0, 0, 0, 0, 0, 1, 7, 41
"d:\Work Dev\source\repos\Makro-IMS\Makro.IMS\Makro.IMS.Web\src\app\app.module.ts", "TypeScript", 0, 0, 0, 45, 0, 0, 0, 0, 0, 2, 4, 51
"d:\Work Dev\source\repos\Makro-IMS\Makro.IMS\Makro.IMS.Web\src\app\auth\ValidatePasswordConfirmation.ts", "TypeScript", 0, 0, 0, 7, 0, 0, 0, 0, 0, 0, 1, 8
"d:\Work Dev\source\repos\Makro-IMS\Makro.IMS\Makro.IMS.Web\src\app\auth\auth-guard.service.ts", "TypeScript", 0, 0, 0, 52, 0, 0, 0, 0, 0, 0, 14, 66
"d:\Work Dev\source\repos\Makro-IMS\Makro.IMS\Makro.IMS.Web\src\app\auth\auth-routing.module.ts", "TypeScript", 0, 0, 0, 15, 0, 0, 0, 0, 0, 0, 3, 18
"d:\Work Dev\source\repos\Makro-IMS\Makro.IMS\Makro.IMS.Web\src\app\auth\auth.interceptor.ts", "TypeScript", 0, 0, 0, 119, 0, 0, 0, 0, 0, 52, 20, 191
"d:\Work Dev\source\repos\Makro-IMS\Makro.IMS\Makro.IMS.Web\src\app\auth\auth.module.ts", "TypeScript", 0, 0, 0, 8, 0, 0, 0, 0, 0, 0, 2, 10
"d:\Work Dev\source\repos\Makro-IMS\Makro.IMS\Makro.IMS.Web\src\app\auth\auth.service.ts", "TypeScript", 0, 0, 0, 154, 0, 0, 0, 0, 0, 37, 32, 223
"d:\Work Dev\source\repos\Makro-IMS\Makro.IMS\Makro.IMS.Web\src\app\auth\login\duplicatelogin.component.html", "HTML", 0, 0, 0, 0, 0, 0, 0, 50, 0, 0, 5, 55
"d:\Work Dev\source\repos\Makro-IMS\Makro.IMS\Makro.IMS.Web\src\app\auth\login\duplicatelogin.component.ts", "TypeScript", 0, 0, 0, 39, 0, 0, 0, 0, 0, 0, 9, 48
"d:\Work Dev\source\repos\Makro-IMS\Makro.IMS\Makro.IMS.Web\src\app\auth\login\forgotpassword.component.html", "HTML", 0, 0, 0, 0, 0, 0, 0, 52, 0, 0, 4, 56
"d:\Work Dev\source\repos\Makro-IMS\Makro.IMS\Makro.IMS.Web\src\app\auth\login\forgotpassword.component.ts", "TypeScript", 0, 0, 0, 110, 0, 0, 0, 0, 0, 2, 16, 128
"d:\Work Dev\source\repos\Makro-IMS\Makro.IMS\Makro.IMS.Web\src\app\auth\login\login-routing.module.ts", "TypeScript", 0, 0, 0, 30, 0, 0, 0, 0, 0, 0, 2, 32
"d:\Work Dev\source\repos\Makro-IMS\Makro.IMS\Makro.IMS.Web\src\app\auth\login\login.component.html", "HTML", 0, 0, 0, 0, 0, 0, 0, 107, 0, 0, 8, 115
"d:\Work Dev\source\repos\Makro-IMS\Makro.IMS\Makro.IMS.Web\src\app\auth\login\login.component.ts", "TypeScript", 0, 0, 0, 71, 0, 0, 0, 0, 0, 0, 11, 82
"d:\Work Dev\source\repos\Makro-IMS\Makro.IMS\Makro.IMS.Web\src\app\auth\login\login.module.ts", "TypeScript", 0, 0, 0, 14, 0, 0, 0, 0, 0, 0, 2, 16
"d:\Work Dev\source\repos\Makro-IMS\Makro.IMS\Makro.IMS.Web\src\app\auth\login\register.component.html", "HTML", 0, 0, 0, 0, 0, 0, 0, 134, 0, 0, 7, 141
"d:\Work Dev\source\repos\Makro-IMS\Makro.IMS\Makro.IMS.Web\src\app\auth\login\register.component.ts", "TypeScript", 0, 0, 0, 161, 0, 0, 0, 0, 0, 4, 21, 186
"d:\Work Dev\source\repos\Makro-IMS\Makro.IMS\Makro.IMS.Web\src\app\pages\account\account-routing.module.ts", "TypeScript", 0, 0, 0, 29, 0, 0, 0, 0, 0, 0, 2, 31
"d:\Work Dev\source\repos\Makro-IMS\Makro.IMS\Makro.IMS.Web\src\app\pages\account\account.module.ts", "TypeScript", 0, 0, 0, 11, 0, 0, 0, 0, 0, 0, 1, 12
"d:\Work Dev\source\repos\Makro-IMS\Makro.IMS\Makro.IMS.Web\src\app\pages\account\reset-password\reset-password-routing.module.ts", "TypeScript", 0, 0, 0, 11, 0, 0, 0, 0, 0, 0, 3, 14
"d:\Work Dev\source\repos\Makro-IMS\Makro.IMS\Makro.IMS.Web\src\app\pages\account\reset-password\reset-password.component.html", "HTML", 0, 0, 0, 0, 0, 0, 0, 130, 0, 0, 6, 136
"d:\Work Dev\source\repos\Makro-IMS\Makro.IMS\Makro.IMS.Web\src\app\pages\account\reset-password\reset-password.component.ts", "TypeScript", 0, 0, 0, 131, 0, 0, 0, 0, 0, 7, 22, 160
"d:\Work Dev\source\repos\Makro-IMS\Makro.IMS\Makro.IMS.Web\src\app\pages\account\reset-password\reset-password.module.ts", "TypeScript", 0, 0, 0, 32, 0, 0, 0, 0, 0, 0, 3, 35
"d:\Work Dev\source\repos\Makro-IMS\Makro.IMS\Makro.IMS.Web\src\app\pages\account\supplier-contact\supplier-contact-routing.module.ts", "TypeScript", 0, 0, 0, 11, 0, 0, 0, 0, 0, 0, 3, 14
"d:\Work Dev\source\repos\Makro-IMS\Makro.IMS\Makro.IMS.Web\src\app\pages\account\supplier-contact\supplier-contact.component.html", "HTML", 0, 0, 0, 0, 0, 0, 0, 84, 0, 0, 5, 89
"d:\Work Dev\source\repos\Makro-IMS\Makro.IMS\Makro.IMS.Web\src\app\pages\account\supplier-contact\supplier-contact.component.ts", "TypeScript", 0, 0, 0, 132, 0, 0, 0, 0, 0, 30, 26, 188
"d:\Work Dev\source\repos\Makro-IMS\Makro.IMS\Makro.IMS.Web\src\app\pages\account\supplier-contact\supplier-contact.module.ts", "TypeScript", 0, 0, 0, 32, 0, 0, 0, 0, 0, 0, 4, 36
"d:\Work Dev\source\repos\Makro-IMS\Makro.IMS\Makro.IMS.Web\src\app\pages\account\user-master\detail\user-master-detail.component.html", "HTML", 0, 0, 0, 0, 0, 0, 0, 435, 0, 45, 6, 486
"d:\Work Dev\source\repos\Makro-IMS\Makro.IMS\Makro.IMS.Web\src\app\pages\account\user-master\detail\user-master-detail.component.ts", "TypeScript", 0, 0, 0, 294, 0, 0, 0, 0, 0, 0, 29, 323
"d:\Work Dev\source\repos\Makro-IMS\Makro.IMS\Makro.IMS.Web\src\app\pages\account\user-master\list\user-master-list.component.html", "HTML", 0, 0, 0, 0, 0, 0, 0, 128, 0, 0, 2, 130
"d:\Work Dev\source\repos\Makro-IMS\Makro.IMS\Makro.IMS.Web\src\app\pages\account\user-master\list\user-master-list.component.ts", "TypeScript", 0, 0, 0, 98, 0, 0, 0, 0, 0, 0, 15, 113
"d:\Work Dev\source\repos\Makro-IMS\Makro.IMS\Makro.IMS.Web\src\app\pages\account\user-master\user-master-routing.module.ts", "TypeScript", 0, 0, 0, 14, 0, 0, 0, 0, 0, 0, 4, 18
"d:\Work Dev\source\repos\Makro-IMS\Makro.IMS\Makro.IMS.Web\src\app\pages\account\user-master\user-master.module.ts", "TypeScript", 0, 0, 0, 34, 0, 0, 0, 0, 0, 0, 4, 38
"d:\Work Dev\source\repos\Makro-IMS\Makro.IMS\Makro.IMS.Web\src\app\pages\account\user-profile\user-profile-routing.module.ts", "TypeScript", 0, 0, 0, 11, 0, 0, 0, 0, 0, 0, 3, 14
"d:\Work Dev\source\repos\Makro-IMS\Makro.IMS\Makro.IMS.Web\src\app\pages\account\user-profile\user-profile.component.html", "HTML", 0, 0, 0, 0, 0, 0, 0, 29, 0, 0, 1, 30
"d:\Work Dev\source\repos\Makro-IMS\Makro.IMS\Makro.IMS.Web\src\app\pages\account\user-profile\user-profile.component.ts", "TypeScript", 0, 0, 0, 45, 0, 0, 0, 0, 0, 2, 14, 61
"d:\Work Dev\source\repos\Makro-IMS\Makro.IMS\Makro.IMS.Web\src\app\pages\account\user-profile\user-profile.module.ts", "TypeScript", 0, 0, 0, 32, 0, 0, 0, 0, 0, 0, 3, 35
"d:\Work Dev\source\repos\Makro-IMS\Makro.IMS\Makro.IMS.Web\src\app\pages\booking\booking-header\booking-header-routing.module.ts", "TypeScript", 0, 0, 0, 13, 0, 0, 0, 0, 0, 0, 3, 16
"d:\Work Dev\source\repos\Makro-IMS\Makro.IMS\Makro.IMS.Web\src\app\pages\booking\booking-header\booking-header.module.ts", "TypeScript", 0, 0, 0, 41, 0, 0, 0, 0, 0, 0, 3, 44
"d:\Work Dev\source\repos\Makro-IMS\Makro.IMS\Makro.IMS.Web\src\app\pages\booking\booking-header\detail\booking-header-detail.component.html", "HTML", 0, 0, 0, 0, 0, 0, 0, 448, 0, 12, 9, 469
"d:\Work Dev\source\repos\Makro-IMS\Makro.IMS\Makro.IMS.Web\src\app\pages\booking\booking-header\detail\booking-header-detail.component.ts", "TypeScript", 0, 0, 0, 864, 0, 0, 0, 0, 0, 104, 169, 1137
"d:\Work Dev\source\repos\Makro-IMS\Makro.IMS\Makro.IMS.Web\src\app\pages\booking\booking-header\detail\dialog\slot-time-booking.component.html", "HTML", 0, 0, 0, 0, 0, 0, 0, 28, 0, 0, 1, 29
"d:\Work Dev\source\repos\Makro-IMS\Makro.IMS\Makro.IMS.Web\src\app\pages\booking\booking-header\detail\dialog\slot-time-booking.component.ts", "TypeScript", 0, 0, 0, 164, 0, 0, 0, 0, 0, 2, 32, 198
"d:\Work Dev\source\repos\Makro-IMS\Makro.IMS\Makro.IMS.Web\src\app\pages\booking\booking-header\detail\dialog\slot-time-dtl.component.html", "HTML", 0, 0, 0, 0, 0, 0, 0, 104, 0, 0, 1, 105
"d:\Work Dev\source\repos\Makro-IMS\Makro.IMS\Makro.IMS.Web\src\app\pages\booking\booking-header\detail\dialog\slot-time-dtl.component.scss", "SCSS", 0, 0, 0, 0, 0, 0, 0, 0, 153, 5, 33, 191
"d:\Work Dev\source\repos\Makro-IMS\Makro.IMS\Makro.IMS.Web\src\app\pages\booking\booking-header\detail\dialog\slot-time-dtl.component.ts", "TypeScript", 0, 0, 0, 443, 0, 0, 0, 0, 0, 10, 104, 557
"d:\Work Dev\source\repos\Makro-IMS\Makro.IMS\Makro.IMS.Web\src\app\pages\booking\booking-header\detail\dialog\slot-time.component.html", "HTML", 0, 0, 0, 0, 0, 0, 0, 105, 0, 0, 1, 106
"d:\Work Dev\source\repos\Makro-IMS\Makro.IMS\Makro.IMS.Web\src\app\pages\booking\booking-header\detail\dialog\slot-time.component.scss", "SCSS", 0, 0, 0, 0, 0, 0, 0, 0, 153, 5, 33, 191
"d:\Work Dev\source\repos\Makro-IMS\Makro.IMS\Makro.IMS.Web\src\app\pages\booking\booking-header\detail\dialog\slot-time.component.ts", "TypeScript", 0, 0, 0, 499, 0, 0, 0, 0, 0, 20, 113, 632
"d:\Work Dev\source\repos\Makro-IMS\Makro.IMS\Makro.IMS.Web\src\app\pages\booking\booking-header\detail\po-dialog\po-dialog.component.html", "HTML", 0, 0, 0, 0, 0, 0, 0, 45, 0, 0, 3, 48
"d:\Work Dev\source\repos\Makro-IMS\Makro.IMS\Makro.IMS.Web\src\app\pages\booking\booking-header\detail\po-dialog\po-dialog.component.ts", "TypeScript", 0, 0, 0, 82, 0, 0, 0, 0, 0, 0, 17, 99
"d:\Work Dev\source\repos\Makro-IMS\Makro.IMS\Makro.IMS.Web\src\app\pages\booking\booking-header\list\booking-header-list.component.html", "HTML", 0, 0, 0, 0, 0, 0, 0, 16, 0, 5, 0, 21
"d:\Work Dev\source\repos\Makro-IMS\Makro.IMS\Makro.IMS.Web\src\app\pages\booking\booking-header\list\booking-header-list.component.ts", "TypeScript", 0, 0, 0, 217, 0, 0, 0, 0, 0, 8, 24, 249
"d:\Work Dev\source\repos\Makro-IMS\Makro.IMS\Makro.IMS.Web\src\app\pages\booking\booking-routing.module.ts", "TypeScript", 0, 0, 0, 24, 0, 0, 0, 0, 0, 0, 2, 26
"d:\Work Dev\source\repos\Makro-IMS\Makro.IMS\Makro.IMS.Web\src\app\pages\booking\booking.module.ts", "TypeScript", 0, 0, 0, 11, 0, 0, 0, 0, 0, 0, 2, 13
"d:\Work Dev\source\repos\Makro-IMS\Makro.IMS\Makro.IMS.Web\src\app\pages\booking\create-booking-excel\create-booking-excel-routing.module.ts", "TypeScript", 0, 0, 0, 11, 0, 0, 0, 0, 0, 3, 3, 17
"d:\Work Dev\source\repos\Makro-IMS\Makro.IMS\Makro.IMS.Web\src\app\pages\booking\create-booking-excel\create-booking-excel.module.ts", "TypeScript", 0, 0, 0, 32, 0, 0, 0, 0, 0, 0, 5, 37
"d:\Work Dev\source\repos\Makro-IMS\Makro.IMS\Makro.IMS.Web\src\app\pages\booking\create-booking-excel\create-booking-excel\create-booking-excel.component.html", "HTML", 0, 0, 0, 0, 0, 0, 0, 310, 0, 13, 11, 334
"d:\Work Dev\source\repos\Makro-IMS\Makro.IMS\Makro.IMS.Web\src\app\pages\booking\create-booking-excel\create-booking-excel\create-booking-excel.component.scss", "SCSS", 0, 0, 0, 0, 0, 0, 0, 0, 3, 0, 2, 5
"d:\Work Dev\source\repos\Makro-IMS\Makro.IMS\Makro.IMS.Web\src\app\pages\booking\create-booking-excel\create-booking-excel\create-booking-excel.component.ts", "TypeScript", 0, 0, 0, 475, 0, 0, 0, 0, 0, 24, 108, 607
"d:\Work Dev\source\repos\Makro-IMS\Makro.IMS\Makro.IMS.Web\src\app\pages\booking\create-booking\create-booking-routing.module.ts", "TypeScript", 0, 0, 0, 11, 0, 0, 0, 0, 0, 3, 3, 17
"d:\Work Dev\source\repos\Makro-IMS\Makro.IMS\Makro.IMS.Web\src\app\pages\booking\create-booking\create-booking.module.ts", "TypeScript", 0, 0, 0, 41, 0, 0, 0, 0, 0, 3, 5, 49
"d:\Work Dev\source\repos\Makro-IMS\Makro.IMS\Makro.IMS.Web\src\app\pages\booking\create-booking\create-booking\create-booking.component.html", "HTML", 0, 0, 0, 0, 0, 0, 0, 430, 0, 12, 7, 449
"d:\Work Dev\source\repos\Makro-IMS\Makro.IMS\Makro.IMS.Web\src\app\pages\booking\create-booking\create-booking\create-booking.component.scss", "SCSS", 0, 0, 0, 0, 0, 0, 0, 0, 3, 0, 2, 5
"d:\Work Dev\source\repos\Makro-IMS\Makro.IMS\Makro.IMS.Web\src\app\pages\booking\create-booking\create-booking\create-booking.component.ts", "TypeScript", 0, 0, 0, 806, 0, 0, 0, 0, 0, 24, 140, 970
"d:\Work Dev\source\repos\Makro-IMS\Makro.IMS\Makro.IMS.Web\src\app\pages\booking\create-booking\create-booking\dialog\slot-time-booking.component.html", "HTML", 0, 0, 0, 0, 0, 0, 0, 28, 0, 0, 1, 29
"d:\Work Dev\source\repos\Makro-IMS\Makro.IMS\Makro.IMS.Web\src\app\pages\booking\create-booking\create-booking\dialog\slot-time-booking.component.ts", "TypeScript", 0, 0, 0, 164, 0, 0, 0, 0, 0, 2, 32, 198
"d:\Work Dev\source\repos\Makro-IMS\Makro.IMS\Makro.IMS.Web\src\app\pages\booking\create-booking\create-booking\dialog\slot-time.component.html", "HTML", 0, 0, 0, 0, 0, 0, 0, 105, 0, 0, 1, 106
"d:\Work Dev\source\repos\Makro-IMS\Makro.IMS\Makro.IMS.Web\src\app\pages\booking\create-booking\create-booking\dialog\slot-time.component.scss", "SCSS", 0, 0, 0, 0, 0, 0, 0, 0, 153, 5, 33, 191
"d:\Work Dev\source\repos\Makro-IMS\Makro.IMS\Makro.IMS.Web\src\app\pages\booking\create-booking\create-booking\dialog\slot-time.component.ts", "TypeScript", 0, 0, 0, 499, 0, 0, 0, 0, 0, 20, 113, 632
"d:\Work Dev\source\repos\Makro-IMS\Makro.IMS\Makro.IMS.Web\src\app\pages\booking\create-booking\create-booking\po-dialog\po-dialog.component.html", "HTML", 0, 0, 0, 0, 0, 0, 0, 45, 0, 0, 3, 48
"d:\Work Dev\source\repos\Makro-IMS\Makro.IMS\Makro.IMS.Web\src\app\pages\booking\create-booking\create-booking\po-dialog\po-dialog.component.ts", "TypeScript", 0, 0, 0, 84, 0, 0, 0, 0, 0, 1, 17, 102
"d:\Work Dev\source\repos\Makro-IMS\Makro.IMS\Makro.IMS.Web\src\app\pages\check-in-out\check-in-out-routing.module.ts", "TypeScript", 0, 0, 0, 29, 0, 0, 0, 0, 0, 0, 2, 31
"d:\Work Dev\source\repos\Makro-IMS\Makro.IMS\Makro.IMS.Web\src\app\pages\check-in-out\check-in-out.module.ts", "TypeScript", 0, 0, 0, 11, 0, 0, 0, 0, 0, 0, 2, 13
"d:\Work Dev\source\repos\Makro-IMS\Makro.IMS\Makro.IMS.Web\src\app\pages\check-in-out\document-check-in\document-check-in-routing.module.ts", "TypeScript", 0, 0, 0, 11, 0, 0, 0, 0, 0, 0, 3, 14
"d:\Work Dev\source\repos\Makro-IMS\Makro.IMS\Makro.IMS.Web\src\app\pages\check-in-out\document-check-in\document-check-in.component.html", "HTML", 0, 0, 0, 0, 0, 0, 0, 182, 0, 0, 10, 192
"d:\Work Dev\source\repos\Makro-IMS\Makro.IMS\Makro.IMS.Web\src\app\pages\check-in-out\document-check-in\document-check-in.component.ts", "TypeScript", 0, 0, 0, 224, 0, 0, 0, 0, 0, 31, 42, 297
"d:\Work Dev\source\repos\Makro-IMS\Makro.IMS\Makro.IMS.Web\src\app\pages\check-in-out\document-check-in\document-check-in.module.ts", "TypeScript", 0, 0, 0, 32, 0, 0, 0, 0, 0, 0, 3, 35
"d:\Work Dev\source\repos\Makro-IMS\Makro.IMS\Makro.IMS.Web\src\app\pages\check-in-out\guard-check-in\dialog\dialog.component.html", "HTML", 0, 0, 0, 0, 0, 0, 0, 62, 0, 0, 4, 66
"d:\Work Dev\source\repos\Makro-IMS\Makro.IMS\Makro.IMS.Web\src\app\pages\check-in-out\guard-check-in\dialog\dialog.component.scss", "SCSS", 0, 0, 0, 0, 0, 0, 0, 0, 11, 5, 4, 20
"d:\Work Dev\source\repos\Makro-IMS\Makro.IMS\Makro.IMS.Web\src\app\pages\check-in-out\guard-check-in\dialog\dialog.component.ts", "TypeScript", 0, 0, 0, 133, 0, 0, 0, 0, 0, 2, 28, 163
"d:\Work Dev\source\repos\Makro-IMS\Makro.IMS\Makro.IMS.Web\src\app\pages\check-in-out\guard-check-in\guard-check-in-routing.module.ts", "TypeScript", 0, 0, 0, 11, 0, 0, 0, 0, 0, 0, 3, 14
"d:\Work Dev\source\repos\Makro-IMS\Makro.IMS\Makro.IMS.Web\src\app\pages\check-in-out\guard-check-in\guard-check-in.component.html", "HTML", 0, 0, 0, 0, 0, 0, 0, 63, 0, 0, 2, 65
"d:\Work Dev\source\repos\Makro-IMS\Makro.IMS\Makro.IMS.Web\src\app\pages\check-in-out\guard-check-in\guard-check-in.component.ts", "TypeScript", 0, 0, 0, 109, 0, 0, 0, 0, 0, 4, 24, 137
"d:\Work Dev\source\repos\Makro-IMS\Makro.IMS\Makro.IMS.Web\src\app\pages\check-in-out\guard-check-in\guard-check-in.module.ts", "TypeScript", 0, 0, 0, 34, 0, 0, 0, 0, 0, 0, 3, 37
"d:\Work Dev\source\repos\Makro-IMS\Makro.IMS\Makro.IMS.Web\src\app\pages\check-in-out\guard-check-out\dialog\dialog.component.html", "HTML", 0, 0, 0, 0, 0, 0, 0, 54, 0, 8, 5, 67
"d:\Work Dev\source\repos\Makro-IMS\Makro.IMS\Makro.IMS.Web\src\app\pages\check-in-out\guard-check-out\dialog\dialog.component.scss", "SCSS", 0, 0, 0, 0, 0, 0, 0, 0, 11, 5, 4, 20
"d:\Work Dev\source\repos\Makro-IMS\Makro.IMS\Makro.IMS.Web\src\app\pages\check-in-out\guard-check-out\dialog\dialog.component.ts", "TypeScript", 0, 0, 0, 102, 0, 0, 0, 0, 0, 0, 21, 123
"d:\Work Dev\source\repos\Makro-IMS\Makro.IMS\Makro.IMS.Web\src\app\pages\check-in-out\guard-check-out\guard-check-out-routing.module.ts", "TypeScript", 0, 0, 0, 11, 0, 0, 0, 0, 0, 0, 3, 14
"d:\Work Dev\source\repos\Makro-IMS\Makro.IMS\Makro.IMS.Web\src\app\pages\check-in-out\guard-check-out\guard-check-out.component.html", "HTML", 0, 0, 0, 0, 0, 0, 0, 63, 0, 0, 2, 65
"d:\Work Dev\source\repos\Makro-IMS\Makro.IMS\Makro.IMS.Web\src\app\pages\check-in-out\guard-check-out\guard-check-out.component.ts", "TypeScript", 0, 0, 0, 109, 0, 0, 0, 0, 0, 4, 24, 137
"d:\Work Dev\source\repos\Makro-IMS\Makro.IMS\Makro.IMS.Web\src\app\pages\check-in-out\guard-check-out\guard-check-out.module.ts", "TypeScript", 0, 0, 0, 34, 0, 0, 0, 0, 0, 0, 3, 37
"d:\Work Dev\source\repos\Makro-IMS\Makro.IMS\Makro.IMS.Web\src\app\pages\check-in-out\guard-create-booking\guard-create-booking-routing.module.ts", "TypeScript", 0, 0, 0, 11, 0, 0, 0, 0, 0, 3, 3, 17
"d:\Work Dev\source\repos\Makro-IMS\Makro.IMS\Makro.IMS.Web\src\app\pages\check-in-out\guard-create-booking\guard-create-booking.component.html", "HTML", 0, 0, 0, 0, 0, 0, 0, 394, 0, 0, 13, 407
"d:\Work Dev\source\repos\Makro-IMS\Makro.IMS\Makro.IMS.Web\src\app\pages\check-in-out\guard-create-booking\guard-create-booking.component.scss", "SCSS", 0, 0, 0, 0, 0, 0, 0, 0, 3, 0, 2, 5
"d:\Work Dev\source\repos\Makro-IMS\Makro.IMS\Makro.IMS.Web\src\app\pages\check-in-out\guard-create-booking\guard-create-booking.component.ts", "TypeScript", 0, 0, 0, 305, 0, 0, 0, 0, 0, 10, 54, 369
"d:\Work Dev\source\repos\Makro-IMS\Makro.IMS\Makro.IMS.Web\src\app\pages\check-in-out\guard-create-booking\guard-create-booking.module.ts", "TypeScript", 0, 0, 0, 32, 0, 0, 0, 0, 0, 3, 4, 39
"d:\Work Dev\source\repos\Makro-IMS\Makro.IMS\Makro.IMS.Web\src\app\pages\dashboard\dashboard-routing.module.ts", "TypeScript", 0, 0, 0, 29, 0, 0, 0, 0, 0, 0, 3, 32
"d:\Work Dev\source\repos\Makro-IMS\Makro.IMS\Makro.IMS.Web\src\app\pages\dashboard\dashboard.module.ts", "TypeScript", 0, 0, 0, 17, 0, 0, 0, 0, 0, 0, 2, 19
"d:\Work Dev\source\repos\Makro-IMS\Makro.IMS\Makro.IMS.Web\src\app\pages\dashboard\dockdoor-control\dockdoor-control-routing.module.ts", "TypeScript", 0, 0, 0, 11, 0, 0, 0, 0, 0, 1, 3, 15
"d:\Work Dev\source\repos\Makro-IMS\Makro.IMS\Makro.IMS.Web\src\app\pages\dashboard\dockdoor-control\dockdoor-control.component.html", "HTML", 0, 0, 0, 0, 0, 0, 0, 151, 0, 3, 3, 157
"d:\Work Dev\source\repos\Makro-IMS\Makro.IMS\Makro.IMS.Web\src\app\pages\dashboard\dockdoor-control\dockdoor-control.component.ts", "TypeScript", 0, 0, 0, 243, 0, 0, 0, 0, 0, 10, 41, 294
"d:\Work Dev\source\repos\Makro-IMS\Makro.IMS\Makro.IMS.Web\src\app\pages\dashboard\dockdoor-control\dockdoor-control.module.ts", "TypeScript", 0, 0, 0, 32, 0, 0, 0, 0, 0, 3, 4, 39
"d:\Work Dev\source\repos\Makro-IMS\Makro.IMS\Makro.IMS.Web\src\app\pages\dashboard\schedule-door\schedule-door-routing.module.ts", "TypeScript", 0, 0, 0, 9, 0, 0, 0, 0, 0, 0, 3, 12
"d:\Work Dev\source\repos\Makro-IMS\Makro.IMS\Makro.IMS.Web\src\app\pages\dashboard\schedule-door\schedule-door.component.html", "HTML", 0, 0, 0, 0, 0, 0, 0, 68, 0, 0, 4, 72
"d:\Work Dev\source\repos\Makro-IMS\Makro.IMS\Makro.IMS.Web\src\app\pages\dashboard\schedule-door\schedule-door.component.scss", "SCSS", 0, 0, 0, 0, 0, 0, 0, 0, 153, 3, 33, 189
"d:\Work Dev\source\repos\Makro-IMS\Makro.IMS\Makro.IMS.Web\src\app\pages\dashboard\schedule-door\schedule-door.component.ts", "TypeScript", 0, 0, 0, 300, 0, 0, 0, 0, 0, 14, 76, 390
"d:\Work Dev\source\repos\Makro-IMS\Makro.IMS\Makro.IMS.Web\src\app\pages\dashboard\schedule-door\schedule-door.module.ts", "TypeScript", 0, 0, 0, 18, 0, 0, 0, 0, 0, 0, 3, 21
"d:\Work Dev\source\repos\Makro-IMS\Makro.IMS\Makro.IMS.Web\src\app\pages\dashboard\slottime-booking\slottime-booking-routing.module.ts", "TypeScript", 0, 0, 0, 9, 0, 0, 0, 0, 0, 0, 3, 12
"d:\Work Dev\source\repos\Makro-IMS\Makro.IMS\Makro.IMS.Web\src\app\pages\dashboard\slottime-booking\slottime-booking.component.html", "HTML", 0, 0, 0, 0, 0, 0, 0, 259, 0, 3, 10, 272
"d:\Work Dev\source\repos\Makro-IMS\Makro.IMS\Makro.IMS.Web\src\app\pages\dashboard\slottime-booking\slottime-booking.component.scss", "SCSS", 0, 0, 0, 0, 0, 0, 0, 0, 153, 3, 33, 189
"d:\Work Dev\source\repos\Makro-IMS\Makro.IMS\Makro.IMS.Web\src\app\pages\dashboard\slottime-booking\slottime-booking.component.ts", "TypeScript", 0, 0, 0, 279, 0, 0, 0, 0, 0, 7, 107, 393
"d:\Work Dev\source\repos\Makro-IMS\Makro.IMS\Makro.IMS.Web\src\app\pages\dashboard\slottime-booking\slottime-booking.module.ts", "TypeScript", 0, 0, 0, 13, 0, 0, 0, 0, 0, 0, 3, 16
"d:\Work Dev\source\repos\Makro-IMS\Makro.IMS\Makro.IMS.Web\src\app\pages\dashboard\summary-booking\summary-booking-routing.module.ts", "TypeScript", 0, 0, 0, 9, 0, 0, 0, 0, 0, 0, 3, 12
"d:\Work Dev\source\repos\Makro-IMS\Makro.IMS\Makro.IMS.Web\src\app\pages\dashboard\summary-booking\summary-booking.component.html", "HTML", 0, 0, 0, 0, 0, 0, 0, 222, 0, 1, 5, 228
"d:\Work Dev\source\repos\Makro-IMS\Makro.IMS\Makro.IMS.Web\src\app\pages\dashboard\summary-booking\summary-booking.component.scss", "SCSS", 0, 0, 0, 0, 0, 0, 0, 0, 153, 3, 33, 189
"d:\Work Dev\source\repos\Makro-IMS\Makro.IMS\Makro.IMS.Web\src\app\pages\dashboard\summary-booking\summary-booking.component.ts", "TypeScript", 0, 0, 0, 105, 0, 0, 0, 0, 0, 3, 28, 136
"d:\Work Dev\source\repos\Makro-IMS\Makro.IMS\Makro.IMS.Web\src\app\pages\dashboard\summary-booking\summary-booking.module.ts", "TypeScript", 0, 0, 0, 13, 0, 0, 0, 0, 0, 0, 3, 16
"d:\Work Dev\source\repos\Makro-IMS\Makro.IMS\Makro.IMS.Web\src\app\pages\driver\driver-routing.module.ts", "TypeScript", 0, 0, 0, 14, 0, 0, 0, 0, 0, 0, 2, 16
"d:\Work Dev\source\repos\Makro-IMS\Makro.IMS\Makro.IMS.Web\src\app\pages\driver\driver.module.ts", "TypeScript", 0, 0, 0, 11, 0, 0, 0, 0, 0, 0, 2, 13
"d:\Work Dev\source\repos\Makro-IMS\Makro.IMS\Makro.IMS.Web\src\app\pages\driver\gate-pass\gate-pass-routing.module.ts", "TypeScript", 0, 0, 0, 11, 0, 0, 0, 0, 0, 0, 3, 14
"d:\Work Dev\source\repos\Makro-IMS\Makro.IMS\Makro.IMS.Web\src\app\pages\driver\gate-pass\gate-pass.component.html", "HTML", 0, 0, 0, 0, 0, 0, 0, 16, 0, 0, 1, 17
"d:\Work Dev\source\repos\Makro-IMS\Makro.IMS\Makro.IMS.Web\src\app\pages\driver\gate-pass\gate-pass.component.ts", "TypeScript", 0, 0, 0, 63, 0, 0, 0, 0, 0, 4, 19, 86
"d:\Work Dev\source\repos\Makro-IMS\Makro.IMS\Makro.IMS.Web\src\app\pages\driver\gate-pass\gate-pass.module.ts", "TypeScript", 0, 0, 0, 32, 0, 0, 0, 0, 0, 0, 5, 37
"d:\Work Dev\source\repos\Makro-IMS\Makro.IMS\Makro.IMS.Web\src\app\pages\master\door\detail\door-detail.component.html", "HTML", 0, 0, 0, 0, 0, 0, 0, 258, 0, 9, 8, 275
"d:\Work Dev\source\repos\Makro-IMS\Makro.IMS\Makro.IMS.Web\src\app\pages\master\door\detail\door-detail.component.ts", "TypeScript", 0, 0, 0, 323, 0, 0, 0, 0, 0, 32, 45, 400
"d:\Work Dev\source\repos\Makro-IMS\Makro.IMS\Makro.IMS.Web\src\app\pages\master\door\door-routing.module.ts", "TypeScript", 0, 0, 0, 14, 0, 0, 0, 0, 0, 0, 3, 17
"d:\Work Dev\source\repos\Makro-IMS\Makro.IMS\Makro.IMS.Web\src\app\pages\master\door\door.module.ts", "TypeScript", 0, 0, 0, 34, 0, 0, 0, 0, 0, 0, 3, 37
"d:\Work Dev\source\repos\Makro-IMS\Makro.IMS\Makro.IMS.Web\src\app\pages\master\door\list\door-list.component.html", "HTML", 0, 0, 0, 0, 0, 0, 0, 9, 0, 2, 1, 12
"d:\Work Dev\source\repos\Makro-IMS\Makro.IMS\Makro.IMS.Web\src\app\pages\master\door\list\door-list.component.ts", "TypeScript", 0, 0, 0, 120, 0, 0, 0, 0, 0, 0, 11, 131
"d:\Work Dev\source\repos\Makro-IMS\Makro.IMS\Makro.IMS.Web\src\app\pages\master\estimate-time\detail\estimate-time-detail.component.html", "HTML", 0, 0, 0, 0, 0, 0, 0, 312, 0, 0, 3, 315
"d:\Work Dev\source\repos\Makro-IMS\Makro.IMS\Makro.IMS.Web\src\app\pages\master\estimate-time\detail\estimate-time-detail.component.ts", "TypeScript", 0, 0, 0, 346, 0, 0, 0, 0, 0, 1, 40, 387
"d:\Work Dev\source\repos\Makro-IMS\Makro.IMS\Makro.IMS.Web\src\app\pages\master\estimate-time\estimate-time-routing.module.ts", "TypeScript", 0, 0, 0, 14, 0, 0, 0, 0, 0, 0, 3, 17
"d:\Work Dev\source\repos\Makro-IMS\Makro.IMS\Makro.IMS.Web\src\app\pages\master\estimate-time\estimate-time.module.ts", "TypeScript", 0, 0, 0, 34, 0, 0, 0, 0, 0, 0, 3, 37
"d:\Work Dev\source\repos\Makro-IMS\Makro.IMS\Makro.IMS.Web\src\app\pages\master\estimate-time\list\estimate-time-list.component.html", "HTML", 0, 0, 0, 0, 0, 0, 0, 10, 0, 2, 1, 13
"d:\Work Dev\source\repos\Makro-IMS\Makro.IMS\Makro.IMS.Web\src\app\pages\master\estimate-time\list\estimate-time-list.component.ts", "TypeScript", 0, 0, 0, 105, 0, 0, 0, 0, 0, 0, 9, 114
"d:\Work Dev\source\repos\Makro-IMS\Makro.IMS\Makro.IMS.Web\src\app\pages\master\master-routing.module.ts", "TypeScript", 0, 0, 0, 44, 0, 0, 0, 0, 0, 0, 2, 46
"d:\Work Dev\source\repos\Makro-IMS\Makro.IMS\Makro.IMS.Web\src\app\pages\master\master.module.ts", "TypeScript", 0, 0, 0, 11, 0, 0, 0, 0, 0, 0, 2, 13
"d:\Work Dev\source\repos\Makro-IMS\Makro.IMS\Makro.IMS.Web\src\app\pages\master\operation-type\detail\operation-type-detail.component.html", "HTML", 0, 0, 0, 0, 0, 0, 0, 503, 0, 68, 7, 578
"d:\Work Dev\source\repos\Makro-IMS\Makro.IMS\Makro.IMS.Web\src\app\pages\master\operation-type\detail\operation-type-detail.component.scss", "SCSS", 0, 0, 0, 0, 0, 0, 0, 0, 9, 2, 4, 15
"d:\Work Dev\source\repos\Makro-IMS\Makro.IMS\Makro.IMS.Web\src\app\pages\master\operation-type\detail\operation-type-detail.component.ts", "TypeScript", 0, 0, 0, 854, 0, 0, 0, 0, 0, 11, 82, 947
"d:\Work Dev\source\repos\Makro-IMS\Makro.IMS\Makro.IMS.Web\src\app\pages\master\operation-type\list\operation-type-list.component.html", "HTML", 0, 0, 0, 0, 0, 0, 0, 10, 0, 2, 1, 13
"d:\Work Dev\source\repos\Makro-IMS\Makro.IMS\Makro.IMS.Web\src\app\pages\master\operation-type\list\operation-type-list.component.ts", "TypeScript", 0, 0, 0, 105, 0, 0, 0, 0, 0, 0, 9, 114
"d:\Work Dev\source\repos\Makro-IMS\Makro.IMS\Makro.IMS.Web\src\app\pages\master\operation-type\operation-type-routing.module.ts", "TypeScript", 0, 0, 0, 14, 0, 0, 0, 0, 0, 0, 3, 17
"d:\Work Dev\source\repos\Makro-IMS\Makro.IMS\Makro.IMS.Web\src\app\pages\master\operation-type\operation-type.module.ts", "TypeScript", 0, 0, 0, 34, 0, 0, 0, 0, 0, 0, 3, 37
"d:\Work Dev\source\repos\Makro-IMS\Makro.IMS\Makro.IMS.Web\src\app\pages\master\supplier-group\detail\supplier-group-detail.component.html", "HTML", 0, 0, 0, 0, 0, 0, 0, 365, 0, 0, 4, 369
"d:\Work Dev\source\repos\Makro-IMS\Makro.IMS\Makro.IMS.Web\src\app\pages\master\supplier-group\detail\supplier-group-detail.component.ts", "TypeScript", 0, 0, 0, 281, 0, 0, 0, 0, 0, 30, 40, 351
"d:\Work Dev\source\repos\Makro-IMS\Makro.IMS\Makro.IMS.Web\src\app\pages\master\supplier-group\list\supplier-group-list.component.html", "HTML", 0, 0, 0, 0, 0, 0, 0, 10, 0, 0, 2, 12
"d:\Work Dev\source\repos\Makro-IMS\Makro.IMS\Makro.IMS.Web\src\app\pages\master\supplier-group\list\supplier-group-list.component.ts", "TypeScript", 0, 0, 0, 118, 0, 0, 0, 0, 0, 0, 9, 127
"d:\Work Dev\source\repos\Makro-IMS\Makro.IMS\Makro.IMS.Web\src\app\pages\master\supplier-group\supplier-group-routing.module.ts", "TypeScript", 0, 0, 0, 14, 0, 0, 0, 0, 0, 0, 3, 17
"d:\Work Dev\source\repos\Makro-IMS\Makro.IMS\Makro.IMS.Web\src\app\pages\master\supplier-group\supplier-group.module.ts", "TypeScript", 0, 0, 0, 34, 0, 0, 0, 0, 0, 0, 3, 37
"d:\Work Dev\source\repos\Makro-IMS\Makro.IMS\Makro.IMS.Web\src\app\pages\master\supplier\detail\supplier-detail.component.html", "HTML", 0, 0, 0, 0, 0, 0, 0, 170, 0, 0, 4, 174
"d:\Work Dev\source\repos\Makro-IMS\Makro.IMS\Makro.IMS.Web\src\app\pages\master\supplier\detail\supplier-detail.component.ts", "TypeScript", 0, 0, 0, 220, 0, 0, 0, 0, 0, 30, 30, 280
"d:\Work Dev\source\repos\Makro-IMS\Makro.IMS\Makro.IMS.Web\src\app\pages\master\supplier\list\supplier-list.component.html", "HTML", 0, 0, 0, 0, 0, 0, 0, 10, 0, 2, 1, 13
"d:\Work Dev\source\repos\Makro-IMS\Makro.IMS\Makro.IMS.Web\src\app\pages\master\supplier\list\supplier-list.component.ts", "TypeScript", 0, 0, 0, 101, 0, 0, 0, 0, 0, 0, 9, 110
"d:\Work Dev\source\repos\Makro-IMS\Makro.IMS\Makro.IMS.Web\src\app\pages\master\supplier\supplier-routing.module.ts", "TypeScript", 0, 0, 0, 14, 0, 0, 0, 0, 0, 0, 3, 17
"d:\Work Dev\source\repos\Makro-IMS\Makro.IMS\Makro.IMS.Web\src\app\pages\master\supplier\supplier.module.ts", "TypeScript", 0, 0, 0, 34, 0, 0, 0, 0, 0, 0, 3, 37
"d:\Work Dev\source\repos\Makro-IMS\Makro.IMS\Makro.IMS.Web\src\app\pages\master\warehouse-capacity\detail\warehouse-capacity-detail.component.html", "HTML", 0, 0, 0, 0, 0, 0, 0, 281, 0, 0, 16, 297
"d:\Work Dev\source\repos\Makro-IMS\Makro.IMS\Makro.IMS.Web\src\app\pages\master\warehouse-capacity\detail\warehouse-capacity-detail.component.ts", "TypeScript", 0, 0, 0, 226, 0, 0, 0, 0, 0, 1, 25, 252
"d:\Work Dev\source\repos\Makro-IMS\Makro.IMS\Makro.IMS.Web\src\app\pages\master\warehouse-capacity\list\warehouse-capacity-list.component.html", "HTML", 0, 0, 0, 0, 0, 0, 0, 8, 0, 2, 2, 12
"d:\Work Dev\source\repos\Makro-IMS\Makro.IMS\Makro.IMS.Web\src\app\pages\master\warehouse-capacity\list\warehouse-capacity-list.component.ts", "TypeScript", 0, 0, 0, 144, 0, 0, 0, 0, 0, 1, 11, 156
"d:\Work Dev\source\repos\Makro-IMS\Makro.IMS\Makro.IMS.Web\src\app\pages\master\warehouse-capacity\warehouse-capacity-routing.module.ts", "TypeScript", 0, 0, 0, 14, 0, 0, 0, 0, 0, 0, 3, 17
"d:\Work Dev\source\repos\Makro-IMS\Makro.IMS\Makro.IMS.Web\src\app\pages\master\warehouse-capacity\warehouse-capacity.module.ts", "TypeScript", 0, 0, 0, 34, 0, 0, 0, 0, 0, 0, 3, 37
"d:\Work Dev\source\repos\Makro-IMS\Makro.IMS\Makro.IMS.Web\src\app\pages\master\warehouse-operation-capacity\detail\warehouse-operation-capacity-detail.component.html", "HTML", 0, 0, 0, 0, 0, 0, 0, 296, 0, 0, 18, 314
"d:\Work Dev\source\repos\Makro-IMS\Makro.IMS\Makro.IMS.Web\src\app\pages\master\warehouse-operation-capacity\detail\warehouse-operation-capacity-detail.component.ts", "TypeScript", 0, 0, 0, 232, 0, 0, 0, 0, 0, 1, 27, 260
"d:\Work Dev\source\repos\Makro-IMS\Makro.IMS\Makro.IMS.Web\src\app\pages\master\warehouse-operation-capacity\list\warehouse-operation-capacity-list.component.html", "HTML", 0, 0, 0, 0, 0, 0, 0, 8, 0, 2, 2, 12
"d:\Work Dev\source\repos\Makro-IMS\Makro.IMS\Makro.IMS.Web\src\app\pages\master\warehouse-operation-capacity\list\warehouse-operation-capacity-list.component.ts", "TypeScript", 0, 0, 0, 144, 0, 0, 0, 0, 0, 1, 11, 156
"d:\Work Dev\source\repos\Makro-IMS\Makro.IMS\Makro.IMS.Web\src\app\pages\master\warehouse-operation-capacity\warehouse-operation-capacity-routing.module.ts", "TypeScript", 0, 0, 0, 14, 0, 0, 0, 0, 0, 0, 3, 17
"d:\Work Dev\source\repos\Makro-IMS\Makro.IMS\Makro.IMS.Web\src\app\pages\master\warehouse-operation-capacity\warehouse-operation-capacity.module.ts", "TypeScript", 0, 0, 0, 34, 0, 0, 0, 0, 0, 0, 3, 37
"d:\Work Dev\source\repos\Makro-IMS\Makro.IMS\Makro.IMS.Web\src\app\pages\master\warehouse\detail\warehouse-detail.component.html", "HTML", 0, 0, 0, 0, 0, 0, 0, 882, 0, 0, 11, 893
"d:\Work Dev\source\repos\Makro-IMS\Makro.IMS\Makro.IMS.Web\src\app\pages\master\warehouse\detail\warehouse-detail.component.ts", "TypeScript", 0, 0, 0, 244, 0, 0, 0, 0, 0, 0, 26, 270
"d:\Work Dev\source\repos\Makro-IMS\Makro.IMS\Makro.IMS.Web\src\app\pages\master\warehouse\list\warehouse-list.component.html", "HTML", 0, 0, 0, 0, 0, 0, 0, 8, 0, 2, 1, 11
"d:\Work Dev\source\repos\Makro-IMS\Makro.IMS\Makro.IMS.Web\src\app\pages\master\warehouse\list\warehouse-list.component.ts", "TypeScript", 0, 0, 0, 115, 0, 0, 0, 0, 0, 1, 12, 128
"d:\Work Dev\source\repos\Makro-IMS\Makro.IMS\Makro.IMS.Web\src\app\pages\master\warehouse\warehouse-routing.module.ts", "TypeScript", 0, 0, 0, 14, 0, 0, 0, 0, 0, 0, 3, 17
"d:\Work Dev\source\repos\Makro-IMS\Makro.IMS\Makro.IMS.Web\src\app\pages\master\warehouse\warehouse.module.ts", "TypeScript", 0, 0, 0, 34, 0, 0, 0, 0, 0, 0, 3, 37
"d:\Work Dev\source\repos\Makro-IMS\Makro.IMS\Makro.IMS.Web\src\app\pages\opsmanage\dockdoor-list\call-truck-dialog\call-truck-dialog.component.html", "HTML", 0, 0, 0, 0, 0, 0, 0, 58, 0, 0, 1, 59
"d:\Work Dev\source\repos\Makro-IMS\Makro.IMS\Makro.IMS.Web\src\app\pages\opsmanage\dockdoor-list\call-truck-dialog\call-truck-dialog.component.scss", "SCSS", 0, 0, 0, 0, 0, 0, 0, 0, 11, 5, 4, 20
"d:\Work Dev\source\repos\Makro-IMS\Makro.IMS\Makro.IMS.Web\src\app\pages\opsmanage\dockdoor-list\call-truck-dialog\call-truck-dialog.component.ts", "TypeScript", 0, 0, 0, 146, 0, 0, 0, 0, 0, 2, 28, 176
"d:\Work Dev\source\repos\Makro-IMS\Makro.IMS\Makro.IMS.Web\src\app\pages\opsmanage\dockdoor-list\cancel-truck-dialog\cancel-truck-dialog.component.html", "HTML", 0, 0, 0, 0, 0, 0, 0, 57, 0, 0, 0, 57
"d:\Work Dev\source\repos\Makro-IMS\Makro.IMS\Makro.IMS.Web\src\app\pages\opsmanage\dockdoor-list\cancel-truck-dialog\cancel-truck-dialog.component.scss", "SCSS", 0, 0, 0, 0, 0, 0, 0, 0, 11, 5, 4, 20
"d:\Work Dev\source\repos\Makro-IMS\Makro.IMS\Makro.IMS.Web\src\app\pages\opsmanage\dockdoor-list\cancel-truck-dialog\cancel-truck-dialog.component.ts", "TypeScript", 0, 0, 0, 78, 0, 0, 0, 0, 0, 0, 21, 99
"d:\Work Dev\source\repos\Makro-IMS\Makro.IMS\Makro.IMS.Web\src\app\pages\opsmanage\dockdoor-list\dockdoor-list-routing.module.ts", "TypeScript", 0, 0, 0, 11, 0, 0, 0, 0, 0, 1, 3, 15
"d:\Work Dev\source\repos\Makro-IMS\Makro.IMS\Makro.IMS.Web\src\app\pages\opsmanage\dockdoor-list\dockdoor-list.component.html", "HTML", 0, 0, 0, 0, 0, 0, 0, 167, 0, 1, 6, 174
"d:\Work Dev\source\repos\Makro-IMS\Makro.IMS\Makro.IMS.Web\src\app\pages\opsmanage\dockdoor-list\dockdoor-list.component.ts", "TypeScript", 0, 0, 0, 534, 0, 0, 0, 0, 0, 1, 79, 614
"d:\Work Dev\source\repos\Makro-IMS\Makro.IMS\Makro.IMS.Web\src\app\pages\opsmanage\dockdoor-list\dockdoor-list.module.ts", "TypeScript", 0, 0, 0, 38, 0, 0, 0, 0, 0, 3, 3, 44
"d:\Work Dev\source\repos\Makro-IMS\Makro.IMS\Makro.IMS.Web\src\app\pages\opsmanage\dockdoor-list\move-truck-dialog\move-truck-dialog.component.html", "HTML", 0, 0, 0, 0, 0, 0, 0, 98, 0, 0, 2, 100
"d:\Work Dev\source\repos\Makro-IMS\Makro.IMS\Makro.IMS.Web\src\app\pages\opsmanage\dockdoor-list\move-truck-dialog\move-truck-dialog.component.scss", "SCSS", 0, 0, 0, 0, 0, 0, 0, 0, 11, 5, 4, 20
"d:\Work Dev\source\repos\Makro-IMS\Makro.IMS\Makro.IMS.Web\src\app\pages\opsmanage\dockdoor-list\move-truck-dialog\move-truck-dialog.component.ts", "TypeScript", 0, 0, 0, 90, 0, 0, 0, 0, 0, 0, 22, 112
"d:\Work Dev\source\repos\Makro-IMS\Makro.IMS\Makro.IMS.Web\src\app\pages\opsmanage\opsmanage-routing.module.ts", "TypeScript", 0, 0, 0, 14, 0, 0, 0, 0, 0, 0, 2, 16
"d:\Work Dev\source\repos\Makro-IMS\Makro.IMS\Makro.IMS.Web\src\app\pages\opsmanage\opsmanage.module.ts", "TypeScript", 0, 0, 0, 12, 0, 0, 0, 0, 0, 0, 4, 16
"d:\Work Dev\source\repos\Makro-IMS\Makro.IMS\Makro.IMS.Web\src\app\pages\pages-routing.module.ts", "TypeScript", 0, 0, 0, 61, 0, 0, 0, 0, 0, 5, 3, 69
"d:\Work Dev\source\repos\Makro-IMS\Makro.IMS\Makro.IMS.Web\src\app\pages\pages.component.ts", "TypeScript", 0, 0, 0, 8, 0, 0, 0, 0, 0, 0, 2, 10
"d:\Work Dev\source\repos\Makro-IMS\Makro.IMS\Makro.IMS.Web\src\app\pages\pages.module.ts", "TypeScript", 0, 0, 0, 10, 0, 0, 0, 0, 0, 0, 2, 12
"d:\Work Dev\source\repos\Makro-IMS\Makro.IMS\Makro.IMS.Web\src\app\pages\pre-check-in\pre-check-in-completed\detail\po-dialog\po-dialog.component.html", "HTML", 0, 0, 0, 0, 0, 0, 0, 30, 0, 0, 3, 33
"d:\Work Dev\source\repos\Makro-IMS\Makro.IMS\Makro.IMS.Web\src\app\pages\pre-check-in\pre-check-in-completed\detail\po-dialog\po-dialog.component.ts", "TypeScript", 0, 0, 0, 40, 0, 0, 0, 0, 0, 1, 11, 52
"d:\Work Dev\source\repos\Makro-IMS\Makro.IMS\Makro.IMS.Web\src\app\pages\pre-check-in\pre-check-in-completed\detail\pre-check-in-completed-detail.component.html", "HTML", 0, 0, 0, 0, 0, 0, 0, 271, 0, 0, 8, 279
"d:\Work Dev\source\repos\Makro-IMS\Makro.IMS\Makro.IMS.Web\src\app\pages\pre-check-in\pre-check-in-completed\detail\pre-check-in-completed-detail.component.ts", "TypeScript", 0, 0, 0, 368, 0, 0, 0, 0, 0, 12, 74, 454
"d:\Work Dev\source\repos\Makro-IMS\Makro.IMS\Makro.IMS.Web\src\app\pages\pre-check-in\pre-check-in-completed\list\pre-check-in-completed-list.component.html", "HTML", 0, 0, 0, 0, 0, 0, 0, 15, 0, 11, 2, 28
"d:\Work Dev\source\repos\Makro-IMS\Makro.IMS\Makro.IMS.Web\src\app\pages\pre-check-in\pre-check-in-completed\list\pre-check-in-completed-list.component.ts", "TypeScript", 0, 0, 0, 171, 0, 0, 0, 0, 0, 1, 18, 190
"d:\Work Dev\source\repos\Makro-IMS\Makro.IMS\Makro.IMS.Web\src\app\pages\pre-check-in\pre-check-in-completed\pre-check-in-completed-routing.module.ts", "TypeScript", 0, 0, 0, 13, 0, 0, 0, 0, 0, 0, 3, 16
"d:\Work Dev\source\repos\Makro-IMS\Makro.IMS\Makro.IMS.Web\src\app\pages\pre-check-in\pre-check-in-completed\pre-check-in-completed.module.ts", "TypeScript", 0, 0, 0, 41, 0, 0, 0, 0, 0, 0, 4, 45
"d:\Work Dev\source\repos\Makro-IMS\Makro.IMS\Makro.IMS.Web\src\app\pages\pre-check-in\pre-check-in-completed\report\report-dialog.component.html", "HTML", 0, 0, 0, 0, 0, 0, 0, 286, 0, 12, 0, 298
"d:\Work Dev\source\repos\Makro-IMS\Makro.IMS\Makro.IMS.Web\src\app\pages\pre-check-in\pre-check-in-completed\report\report-dialog.component.scss", "SCSS", 0, 0, 0, 0, 0, 0, 0, 0, 69, 40, 19, 128
"d:\Work Dev\source\repos\Makro-IMS\Makro.IMS\Makro.IMS.Web\src\app\pages\pre-check-in\pre-check-in-completed\report\report-dialog.component.ts", "TypeScript", 0, 0, 0, 91, 0, 0, 0, 0, 0, 23, 41, 155
"d:\Work Dev\source\repos\Makro-IMS\Makro.IMS\Makro.IMS.Web\src\app\pages\pre-check-in\pre-check-in-completed\report\report.css", "CSS", 0, 0, 0, 0, 0, 0, 69, 0, 0, 13, 16, 98
"d:\Work Dev\source\repos\Makro-IMS\Makro.IMS\Makro.IMS.Web\src\app\pages\pre-check-in\pre-check-in-excel\detail\po-dialog\po-dialog.component.html", "HTML", 0, 0, 0, 0, 0, 0, 0, 35, 0, 0, 3, 38
"d:\Work Dev\source\repos\Makro-IMS\Makro.IMS\Makro.IMS.Web\src\app\pages\pre-check-in\pre-check-in-excel\detail\po-dialog\po-dialog.component.ts", "TypeScript", 0, 0, 0, 55, 0, 0, 0, 0, 0, 0, 19, 74
"d:\Work Dev\source\repos\Makro-IMS\Makro.IMS\Makro.IMS.Web\src\app\pages\pre-check-in\pre-check-in-excel\detail\pre-check-in-excel-detail.component.html", "HTML", 0, 0, 0, 0, 0, 0, 0, 264, 0, 8, 7, 279
"d:\Work Dev\source\repos\Makro-IMS\Makro.IMS\Makro.IMS.Web\src\app\pages\pre-check-in\pre-check-in-excel\detail\pre-check-in-excel-detail.component.ts", "TypeScript", 0, 0, 0, 407, 0, 0, 0, 0, 0, 30, 96, 533
"d:\Work Dev\source\repos\Makro-IMS\Makro.IMS\Makro.IMS.Web\src\app\pages\pre-check-in\pre-check-in-excel\list\pre-check-in-excel-list.component.html", "HTML", 0, 0, 0, 0, 0, 0, 0, 36, 0, 11, 6, 53
"d:\Work Dev\source\repos\Makro-IMS\Makro.IMS\Makro.IMS.Web\src\app\pages\pre-check-in\pre-check-in-excel\list\pre-check-in-excel-list.component.ts", "TypeScript", 0, 0, 0, 234, 0, 0, 0, 0, 0, 10, 38, 282
"d:\Work Dev\source\repos\Makro-IMS\Makro.IMS\Makro.IMS.Web\src\app\pages\pre-check-in\pre-check-in-excel\list\upload-dialog\upload-dialog.component.html", "HTML", 0, 0, 0, 0, 0, 0, 0, 115, 0, 0, 1, 116
"d:\Work Dev\source\repos\Makro-IMS\Makro.IMS\Makro.IMS.Web\src\app\pages\pre-check-in\pre-check-in-excel\list\upload-dialog\upload-dialog.component.ts", "TypeScript", 0, 0, 0, 214, 0, 0, 0, 0, 0, 10, 50, 274
"d:\Work Dev\source\repos\Makro-IMS\Makro.IMS\Makro.IMS.Web\src\app\pages\pre-check-in\pre-check-in-excel\pre-check-in-excel-routing.module.ts", "TypeScript", 0, 0, 0, 13, 0, 0, 0, 0, 0, 0, 3, 16
"d:\Work Dev\source\repos\Makro-IMS\Makro.IMS\Makro.IMS.Web\src\app\pages\pre-check-in\pre-check-in-excel\pre-check-in-excel.module.ts", "TypeScript", 0, 0, 0, 41, 0, 0, 0, 0, 0, 0, 4, 45
"d:\Work Dev\source\repos\Makro-IMS\Makro.IMS\Makro.IMS.Web\src\app\pages\pre-check-in\pre-check-in-routing.module.ts", "TypeScript", 0, 0, 0, 19, 0, 0, 0, 0, 0, 0, 2, 21
"d:\Work Dev\source\repos\Makro-IMS\Makro.IMS\Makro.IMS.Web\src\app\pages\pre-check-in\pre-check-in.module.ts", "TypeScript", 0, 0, 0, 11, 0, 0, 0, 0, 0, 0, 2, 13
"d:\Work Dev\source\repos\Makro-IMS\Makro.IMS\Makro.IMS.Web\src\app\pages\queuemanage\dockdoor-list\call-truck-dialog\call-truck-dialog.component.html", "HTML", 0, 0, 0, 0, 0, 0, 0, 58, 0, 0, 1, 59
"d:\Work Dev\source\repos\Makro-IMS\Makro.IMS\Makro.IMS.Web\src\app\pages\queuemanage\dockdoor-list\call-truck-dialog\call-truck-dialog.component.scss", "SCSS", 0, 0, 0, 0, 0, 0, 0, 0, 11, 5, 4, 20
"d:\Work Dev\source\repos\Makro-IMS\Makro.IMS\Makro.IMS.Web\src\app\pages\queuemanage\dockdoor-list\call-truck-dialog\call-truck-dialog.component.ts", "TypeScript", 0, 0, 0, 134, 0, 0, 0, 0, 0, 2, 26, 162
"d:\Work Dev\source\repos\Makro-IMS\Makro.IMS\Makro.IMS.Web\src\app\pages\queuemanage\dockdoor-list\dockdoor-list-routing.module.ts", "TypeScript", 0, 0, 0, 11, 0, 0, 0, 0, 0, 1, 3, 15
"d:\Work Dev\source\repos\Makro-IMS\Makro.IMS\Makro.IMS.Web\src\app\pages\queuemanage\dockdoor-list\dockdoor-list.component.html", "HTML", 0, 0, 0, 0, 0, 0, 0, 142, 0, 2, 6, 150
"d:\Work Dev\source\repos\Makro-IMS\Makro.IMS\Makro.IMS.Web\src\app\pages\queuemanage\dockdoor-list\dockdoor-list.component.ts", "TypeScript", 0, 0, 0, 413, 0, 0, 0, 0, 0, 1, 55, 469
"d:\Work Dev\source\repos\Makro-IMS\Makro.IMS\Makro.IMS.Web\src\app\pages\queuemanage\dockdoor-list\dockdoor-list.module.ts", "TypeScript", 0, 0, 0, 34, 0, 0, 0, 0, 0, 5, 3, 42
"d:\Work Dev\source\repos\Makro-IMS\Makro.IMS\Makro.IMS.Web\src\app\pages\queuemanage\document-check-in\document-check-in-routing.module.ts", "TypeScript", 0, 0, 0, 11, 0, 0, 0, 0, 0, 0, 3, 14
"d:\Work Dev\source\repos\Makro-IMS\Makro.IMS\Makro.IMS.Web\src\app\pages\queuemanage\document-check-in\document-check-in.component.html", "HTML", 0, 0, 0, 0, 0, 0, 0, 182, 0, 0, 10, 192
"d:\Work Dev\source\repos\Makro-IMS\Makro.IMS\Makro.IMS.Web\src\app\pages\queuemanage\document-check-in\document-check-in.component.ts", "TypeScript", 0, 0, 0, 224, 0, 0, 0, 0, 0, 31, 42, 297
"d:\Work Dev\source\repos\Makro-IMS\Makro.IMS\Makro.IMS.Web\src\app\pages\queuemanage\document-check-in\document-check-in.module.ts", "TypeScript", 0, 0, 0, 32, 0, 0, 0, 0, 0, 0, 3, 35
"d:\Work Dev\source\repos\Makro-IMS\Makro.IMS\Makro.IMS.Web\src\app\pages\queuemanage\document-confirmation\document-confirmation-routing.module.ts", "TypeScript", 0, 0, 0, 11, 0, 0, 0, 0, 0, 0, 3, 14
"d:\Work Dev\source\repos\Makro-IMS\Makro.IMS\Makro.IMS.Web\src\app\pages\queuemanage\document-confirmation\document-confirmation.component.html", "HTML", 0, 0, 0, 0, 0, 0, 0, 162, 0, 8, 10, 180
"d:\Work Dev\source\repos\Makro-IMS\Makro.IMS\Makro.IMS.Web\src\app\pages\queuemanage\document-confirmation\document-confirmation.component.ts", "TypeScript", 0, 0, 0, 182, 0, 0, 0, 0, 0, 17, 50, 249
"d:\Work Dev\source\repos\Makro-IMS\Makro.IMS\Makro.IMS.Web\src\app\pages\queuemanage\document-confirmation\document-confirmation.module.ts", "TypeScript", 0, 0, 0, 32, 0, 0, 0, 0, 0, 0, 3, 35
"d:\Work Dev\source\repos\Makro-IMS\Makro.IMS\Makro.IMS.Web\src\app\pages\queuemanage\manage-queue\create-queue-dialog\create-queue-dialog.component.html", "HTML", 0, 0, 0, 0, 0, 0, 0, 110, 0, 13, 5, 128
"d:\Work Dev\source\repos\Makro-IMS\Makro.IMS\Makro.IMS.Web\src\app\pages\queuemanage\manage-queue\create-queue-dialog\create-queue-dialog.component.scss", "SCSS", 0, 0, 0, 0, 0, 0, 0, 0, 11, 5, 4, 20
"d:\Work Dev\source\repos\Makro-IMS\Makro.IMS\Makro.IMS.Web\src\app\pages\queuemanage\manage-queue\create-queue-dialog\create-queue-dialog.component.ts", "TypeScript", 0, 0, 0, 123, 0, 0, 0, 0, 0, 2, 27, 152
"d:\Work Dev\source\repos\Makro-IMS\Makro.IMS\Makro.IMS.Web\src\app\pages\queuemanage\manage-queue\detail\dialog\slot-time-dtl.component.html", "HTML", 0, 0, 0, 0, 0, 0, 0, 104, 0, 0, 1, 105
"d:\Work Dev\source\repos\Makro-IMS\Makro.IMS\Makro.IMS.Web\src\app\pages\queuemanage\manage-queue\detail\dialog\slot-time-dtl.component.scss", "SCSS", 0, 0, 0, 0, 0, 0, 0, 0, 153, 5, 33, 191
"d:\Work Dev\source\repos\Makro-IMS\Makro.IMS\Makro.IMS.Web\src\app\pages\queuemanage\manage-queue\detail\dialog\slot-time-dtl.component.ts", "TypeScript", 0, 0, 0, 443, 0, 0, 0, 0, 0, 10, 104, 557
"d:\Work Dev\source\repos\Makro-IMS\Makro.IMS\Makro.IMS.Web\src\app\pages\queuemanage\manage-queue\detail\manage-queue-detail.component.html", "HTML", 0, 0, 0, 0, 0, 0, 0, 389, 0, 0, 9, 398
"d:\Work Dev\source\repos\Makro-IMS\Makro.IMS\Makro.IMS.Web\src\app\pages\queuemanage\manage-queue\detail\manage-queue-detail.component.ts", "TypeScript", 0, 0, 0, 577, 0, 0, 0, 0, 0, 31, 125, 733
"d:\Work Dev\source\repos\Makro-IMS\Makro.IMS\Makro.IMS.Web\src\app\pages\queuemanage\manage-queue\document-checking-dialog\document-checking-dialog.component.html", "HTML", 0, 0, 0, 0, 0, 0, 0, 55, 0, 47, 4, 106
"d:\Work Dev\source\repos\Makro-IMS\Makro.IMS\Makro.IMS.Web\src\app\pages\queuemanage\manage-queue\document-checking-dialog\document-checking-dialog.component.scss", "SCSS", 0, 0, 0, 0, 0, 0, 0, 0, 11, 5, 4, 20
"d:\Work Dev\source\repos\Makro-IMS\Makro.IMS\Makro.IMS.Web\src\app\pages\queuemanage\manage-queue\document-checking-dialog\document-checking-dialog.component.ts", "TypeScript", 0, 0, 0, 162, 0, 0, 0, 0, 0, 3, 24, 189
"d:\Work Dev\source\repos\Makro-IMS\Makro.IMS\Makro.IMS.Web\src\app\pages\queuemanage\manage-queue\document-confirmation-dialog\document-confirmation-dialog.component.html", "HTML", 0, 0, 0, 0, 0, 0, 0, 66, 0, 31, 4, 101
"d:\Work Dev\source\repos\Makro-IMS\Makro.IMS\Makro.IMS.Web\src\app\pages\queuemanage\manage-queue\document-confirmation-dialog\document-confirmation-dialog.component.scss", "SCSS", 0, 0, 0, 0, 0, 0, 0, 0, 11, 5, 4, 20
"d:\Work Dev\source\repos\Makro-IMS\Makro.IMS\Makro.IMS.Web\src\app\pages\queuemanage\manage-queue\document-confirmation-dialog\document-confirmation-dialog.component.ts", "TypeScript", 0, 0, 0, 148, 0, 0, 0, 0, 0, 1, 25, 174
"d:\Work Dev\source\repos\Makro-IMS\Makro.IMS\Makro.IMS.Web\src\app\pages\queuemanage\manage-queue\list\manage-queue-list.component.html", "HTML", 0, 0, 0, 0, 0, 0, 0, 222, 0, 2, 5, 229
"d:\Work Dev\source\repos\Makro-IMS\Makro.IMS\Makro.IMS.Web\src\app\pages\queuemanage\manage-queue\list\manage-queue-list.component.ts", "TypeScript", 0, 0, 0, 391, 0, 0, 0, 0, 0, 2, 48, 441
"d:\Work Dev\source\repos\Makro-IMS\Makro.IMS\Makro.IMS.Web\src\app\pages\queuemanage\manage-queue\manage-queue-routing.module.ts", "TypeScript", 0, 0, 0, 13, 0, 0, 0, 0, 0, 0, 3, 16
"d:\Work Dev\source\repos\Makro-IMS\Makro.IMS\Makro.IMS.Web\src\app\pages\queuemanage\manage-queue\manage-queue.module.ts", "TypeScript", 0, 0, 0, 49, 0, 0, 0, 0, 0, 0, 3, 52
"d:\Work Dev\source\repos\Makro-IMS\Makro.IMS\Makro.IMS.Web\src\app\pages\queuemanage\manage-queue\send-document-dialog\send-document-dialog.component.html", "HTML", 0, 0, 0, 0, 0, 0, 0, 28, 0, 0, 3, 31
"d:\Work Dev\source\repos\Makro-IMS\Makro.IMS\Makro.IMS.Web\src\app\pages\queuemanage\manage-queue\send-document-dialog\send-document-dialog.component.scss", "SCSS", 0, 0, 0, 0, 0, 0, 0, 0, 11, 5, 4, 20
"d:\Work Dev\source\repos\Makro-IMS\Makro.IMS\Makro.IMS.Web\src\app\pages\queuemanage\manage-queue\send-document-dialog\send-document-dialog.component.ts", "TypeScript", 0, 0, 0, 62, 0, 0, 0, 0, 0, 0, 19, 81
"d:\Work Dev\source\repos\Makro-IMS\Makro.IMS\Makro.IMS.Web\src\app\pages\queuemanage\manage-queue\unload-finish-dialog\unload-finish-dialog.component.html", "HTML", 0, 0, 0, 0, 0, 0, 0, 105, 0, 0, 4, 109
"d:\Work Dev\source\repos\Makro-IMS\Makro.IMS\Makro.IMS.Web\src\app\pages\queuemanage\manage-queue\unload-finish-dialog\unload-finish-dialog.component.scss", "SCSS", 0, 0, 0, 0, 0, 0, 0, 0, 11, 5, 4, 20
"d:\Work Dev\source\repos\Makro-IMS\Makro.IMS\Makro.IMS.Web\src\app\pages\queuemanage\manage-queue\unload-finish-dialog\unload-finish-dialog.component.ts", "TypeScript", 0, 0, 0, 136, 0, 0, 0, 0, 0, 0, 21, 157
"d:\Work Dev\source\repos\Makro-IMS\Makro.IMS\Makro.IMS.Web\src\app\pages\queuemanage\queuemanage-routing.module.ts", "TypeScript", 0, 0, 0, 24, 0, 0, 0, 0, 0, 5, 2, 31
"d:\Work Dev\source\repos\Makro-IMS\Makro.IMS\Makro.IMS.Web\src\app\pages\queuemanage\queuemanage.module.ts", "TypeScript", 0, 0, 0, 12, 0, 0, 0, 0, 0, 0, 4, 16
"d:\Work Dev\source\repos\Makro-IMS\Makro.IMS\Makro.IMS.Web\src\app\pages\report\report-routing.module.ts", "TypeScript", 0, 0, 0, 19, 0, 0, 0, 0, 0, 0, 3, 22
"d:\Work Dev\source\repos\Makro-IMS\Makro.IMS\Makro.IMS.Web\src\app\pages\report\report.module.ts", "TypeScript", 0, 0, 0, 12, 0, 0, 0, 0, 0, 0, 2, 14
"d:\Work Dev\source\repos\Makro-IMS\Makro.IMS\Makro.IMS.Web\src\app\pages\report\transaction-track\transaction-track-routing.module.ts", "TypeScript", 0, 0, 0, 9, 0, 0, 0, 0, 0, 0, 3, 12
"d:\Work Dev\source\repos\Makro-IMS\Makro.IMS\Makro.IMS.Web\src\app\pages\report\transaction-track\transaction-track.component.html", "HTML", 0, 0, 0, 0, 0, 0, 0, 162, 0, 0, 4, 166
"d:\Work Dev\source\repos\Makro-IMS\Makro.IMS\Makro.IMS.Web\src\app\pages\report\transaction-track\transaction-track.component.scss", "SCSS", 0, 0, 0, 0, 0, 0, 0, 0, 153, 3, 33, 189
"d:\Work Dev\source\repos\Makro-IMS\Makro.IMS\Makro.IMS.Web\src\app\pages\report\transaction-track\transaction-track.component.ts", "TypeScript", 0, 0, 0, 460, 0, 0, 0, 0, 0, 12, 47, 519
"d:\Work Dev\source\repos\Makro-IMS\Makro.IMS\Makro.IMS.Web\src\app\pages\report\transaction-track\transaction-track.module.ts", "TypeScript", 0, 0, 0, 13, 0, 0, 0, 0, 0, 0, 3, 16
"d:\Work Dev\source\repos\Makro-IMS\Makro.IMS\Makro.IMS.Web\src\app\pages\report\truck-status\truck-status-routing.module.ts", "TypeScript", 0, 0, 0, 9, 0, 0, 0, 0, 0, 0, 3, 12
"d:\Work Dev\source\repos\Makro-IMS\Makro.IMS\Makro.IMS.Web\src\app\pages\report\truck-status\truck-status.component.html", "HTML", 0, 0, 0, 0, 0, 0, 0, 191, 0, 14, 4, 209
"d:\Work Dev\source\repos\Makro-IMS\Makro.IMS\Makro.IMS.Web\src\app\pages\report\truck-status\truck-status.component.scss", "SCSS", 0, 0, 0, 0, 0, 0, 0, 0, 153, 3, 33, 189
"d:\Work Dev\source\repos\Makro-IMS\Makro.IMS\Makro.IMS.Web\src\app\pages\report\truck-status\truck-status.component.ts", "TypeScript", 0, 0, 0, 214, 0, 0, 0, 0, 0, 1, 40, 255
"d:\Work Dev\source\repos\Makro-IMS\Makro.IMS\Makro.IMS.Web\src\app\pages\report\truck-status\truck-status.module.ts", "TypeScript", 0, 0, 0, 13, 0, 0, 0, 0, 0, 0, 3, 16
"d:\Work Dev\source\repos\Makro-IMS\Makro.IMS\Makro.IMS.Web\src\assets\i18n\account\reset-password\en.json", "JSON", 60, 0, 0, 0, 0, 0, 0, 0, 0, 0, 1, 61
"d:\Work Dev\source\repos\Makro-IMS\Makro.IMS\Makro.IMS.Web\src\assets\i18n\account\reset-password\th.json", "JSON", 60, 0, 0, 0, 0, 0, 0, 0, 0, 0, 1, 61
"d:\Work Dev\source\repos\Makro-IMS\Makro.IMS\Makro.IMS.Web\src\assets\i18n\account\role\en.json", "JSON", 99, 0, 0, 0, 0, 0, 0, 0, 0, 0, 10, 109
"d:\Work Dev\source\repos\Makro-IMS\Makro.IMS\Makro.IMS.Web\src\assets\i18n\account\role\th.json", "JSON", 99, 0, 0, 0, 0, 0, 0, 0, 0, 0, 10, 109
"d:\Work Dev\source\repos\Makro-IMS\Makro.IMS\Makro.IMS.Web\src\assets\i18n\account\supplier-contact\en.json", "JSON", 53, 0, 0, 0, 0, 0, 0, 0, 0, 0, 1, 54
"d:\Work Dev\source\repos\Makro-IMS\Makro.IMS\Makro.IMS.Web\src\assets\i18n\account\supplier-contact\th.json", "JSON", 65, 0, 0, 0, 0, 0, 0, 0, 0, 0, 1, 66
"d:\Work Dev\source\repos\Makro-IMS\Makro.IMS\Makro.IMS.Web\src\assets\i18n\account\user-profile\en.json", "JSON", 70, 0, 0, 0, 0, 0, 0, 0, 0, 0, 1, 71
"d:\Work Dev\source\repos\Makro-IMS\Makro.IMS\Makro.IMS.Web\src\assets\i18n\account\user-profile\th.json", "JSON", 58, 0, 0, 0, 0, 0, 0, 0, 0, 0, 1, 59
"d:\Work Dev\source\repos\Makro-IMS\Makro.IMS\Makro.IMS.Web\src\assets\i18n\booking\booking-header\en.json", "JSON", 86, 0, 0, 0, 0, 0, 0, 0, 0, 0, 1, 87
"d:\Work Dev\source\repos\Makro-IMS\Makro.IMS\Makro.IMS.Web\src\assets\i18n\booking\booking-header\th.json", "JSON", 70, 0, 0, 0, 0, 0, 0, 0, 0, 0, 1, 71
"d:\Work Dev\source\repos\Makro-IMS\Makro.IMS\Makro.IMS.Web\src\assets\i18n\booking\create-booking-excel\en.json", "JSON", 82, 0, 0, 0, 0, 0, 0, 0, 0, 0, 1, 83
"d:\Work Dev\source\repos\Makro-IMS\Makro.IMS\Makro.IMS.Web\src\assets\i18n\booking\create-booking-excel\th.json", "JSON", 70, 0, 0, 0, 0, 0, 0, 0, 0, 0, 1, 71
"d:\Work Dev\source\repos\Makro-IMS\Makro.IMS\Makro.IMS.Web\src\assets\i18n\booking\create-booking\en.json", "JSON", 83, 0, 0, 0, 0, 0, 0, 0, 0, 0, 1, 84
"d:\Work Dev\source\repos\Makro-IMS\Makro.IMS\Makro.IMS.Web\src\assets\i18n\booking\create-booking\th.json", "JSON", 70, 0, 0, 0, 0, 0, 0, 0, 0, 0, 1, 71
"d:\Work Dev\source\repos\Makro-IMS\Makro.IMS\Makro.IMS.Web\src\assets\i18n\check-in-out\check-in\en.json", "JSON", 82, 0, 0, 0, 0, 0, 0, 0, 0, 0, 1, 83
"d:\Work Dev\source\repos\Makro-IMS\Makro.IMS\Makro.IMS.Web\src\assets\i18n\check-in-out\check-in\th.json", "JSON", 70, 0, 0, 0, 0, 0, 0, 0, 0, 0, 1, 71
"d:\Work Dev\source\repos\Makro-IMS\Makro.IMS\Makro.IMS.Web\src\assets\i18n\check-in-out\check-out\en.json", "JSON", 82, 0, 0, 0, 0, 0, 0, 0, 0, 0, 1, 83
"d:\Work Dev\source\repos\Makro-IMS\Makro.IMS\Makro.IMS.Web\src\assets\i18n\check-in-out\check-out\th.json", "JSON", 70, 0, 0, 0, 0, 0, 0, 0, 0, 0, 1, 71
"d:\Work Dev\source\repos\Makro-IMS\Makro.IMS\Makro.IMS.Web\src\assets\i18n\check-in-out\document-check-in\en.json", "JSON", 82, 0, 0, 0, 0, 0, 0, 0, 0, 0, 1, 83
"d:\Work Dev\source\repos\Makro-IMS\Makro.IMS\Makro.IMS.Web\src\assets\i18n\check-in-out\document-check-in\th.json", "JSON", 70, 0, 0, 0, 0, 0, 0, 0, 0, 0, 1, 71
"d:\Work Dev\source\repos\Makro-IMS\Makro.IMS\Makro.IMS.Web\src\assets\i18n\check-in-out\guard-check-in\en.json", "JSON", 68, 0, 0, 0, 0, 0, 0, 0, 0, 0, 1, 69
"d:\Work Dev\source\repos\Makro-IMS\Makro.IMS\Makro.IMS.Web\src\assets\i18n\check-in-out\guard-check-in\th.json", "JSON", 70, 0, 0, 0, 0, 0, 0, 0, 0, 0, 1, 71
"d:\Work Dev\source\repos\Makro-IMS\Makro.IMS\Makro.IMS.Web\src\assets\i18n\check-in-out\guard-check-out\en.json", "JSON", 68, 0, 0, 0, 0, 0, 0, 0, 0, 0, 1, 69
"d:\Work Dev\source\repos\Makro-IMS\Makro.IMS\Makro.IMS.Web\src\assets\i18n\check-in-out\guard-check-out\th.json", "JSON", 70, 0, 0, 0, 0, 0, 0, 0, 0, 0, 1, 71
"d:\Work Dev\source\repos\Makro-IMS\Makro.IMS\Makro.IMS.Web\src\assets\i18n\check-in-out\pre-check-in\en.json", "JSON", 82, 0, 0, 0, 0, 0, 0, 0, 0, 0, 1, 83
"d:\Work Dev\source\repos\Makro-IMS\Makro.IMS\Makro.IMS.Web\src\assets\i18n\check-in-out\pre-check-in\th.json", "JSON", 70, 0, 0, 0, 0, 0, 0, 0, 0, 0, 1, 71
"d:\Work Dev\source\repos\Makro-IMS\Makro.IMS\Makro.IMS.Web\src\assets\i18n\en.json", "JSON", 72, 0, 0, 0, 0, 0, 0, 0, 0, 0, 1, 73
"d:\Work Dev\source\repos\Makro-IMS\Makro.IMS\Makro.IMS.Web\src\assets\i18n\master\door\en.json", "JSON", 74, 0, 0, 0, 0, 0, 0, 0, 0, 0, 1, 75
"d:\Work Dev\source\repos\Makro-IMS\Makro.IMS\Makro.IMS.Web\src\assets\i18n\master\door\th.json", "JSON", 70, 0, 0, 0, 0, 0, 0, 0, 0, 0, 1, 71
"d:\Work Dev\source\repos\Makro-IMS\Makro.IMS\Makro.IMS.Web\src\assets\i18n\master\estimate-time\en.json", "JSON", 75, 0, 0, 0, 0, 0, 0, 0, 0, 0, 1, 76
"d:\Work Dev\source\repos\Makro-IMS\Makro.IMS\Makro.IMS.Web\src\assets\i18n\master\estimate-time\th.json", "JSON", 70, 0, 0, 0, 0, 0, 0, 0, 0, 0, 1, 71
"d:\Work Dev\source\repos\Makro-IMS\Makro.IMS\Makro.IMS.Web\src\assets\i18n\master\operation-type\en.json", "JSON", 75, 0, 0, 0, 0, 0, 0, 0, 0, 0, 1, 76
"d:\Work Dev\source\repos\Makro-IMS\Makro.IMS\Makro.IMS.Web\src\assets\i18n\master\operation-type\th.json", "JSON", 70, 0, 0, 0, 0, 0, 0, 0, 0, 0, 1, 71
"d:\Work Dev\source\repos\Makro-IMS\Makro.IMS\Makro.IMS.Web\src\assets\i18n\master\supplier-group\en.json", "JSON", 84, 0, 0, 0, 0, 0, 0, 0, 0, 0, 1, 85
"d:\Work Dev\source\repos\Makro-IMS\Makro.IMS\Makro.IMS.Web\src\assets\i18n\master\supplier-group\th.json", "JSON", 84, 0, 0, 0, 0, 0, 0, 0, 0, 0, 1, 85
"d:\Work Dev\source\repos\Makro-IMS\Makro.IMS\Makro.IMS.Web\src\assets\i18n\master\supplier\en.json", "JSON", 72, 0, 0, 0, 0, 0, 0, 0, 0, 0, 1, 73
"d:\Work Dev\source\repos\Makro-IMS\Makro.IMS\Makro.IMS.Web\src\assets\i18n\master\supplier\th.json", "JSON", 70, 0, 0, 0, 0, 0, 0, 0, 0, 0, 1, 71
"d:\Work Dev\source\repos\Makro-IMS\Makro.IMS\Makro.IMS.Web\src\assets\i18n\master\warehouse-capacity\en.json", "JSON", 75, 0, 0, 0, 0, 0, 0, 0, 0, 0, 1, 76
"d:\Work Dev\source\repos\Makro-IMS\Makro.IMS\Makro.IMS.Web\src\assets\i18n\master\warehouse-capacity\th.json", "JSON", 70, 0, 0, 0, 0, 0, 0, 0, 0, 0, 1, 71
"d:\Work Dev\source\repos\Makro-IMS\Makro.IMS\Makro.IMS.Web\src\assets\i18n\master\warehouse-operation-capacity\en.json", "JSON", 76, 0, 0, 0, 0, 0, 0, 0, 0, 0, 1, 77
"d:\Work Dev\source\repos\Makro-IMS\Makro.IMS\Makro.IMS.Web\src\assets\i18n\master\warehouse-operation-capacity\th.json", "JSON", 70, 0, 0, 0, 0, 0, 0, 0, 0, 0, 1, 71
"d:\Work Dev\source\repos\Makro-IMS\Makro.IMS\Makro.IMS.Web\src\assets\i18n\master\warehouse\en.json", "JSON", 105, 0, 0, 0, 0, 0, 0, 0, 0, 0, 2, 107
"d:\Work Dev\source\repos\Makro-IMS\Makro.IMS\Makro.IMS.Web\src\assets\i18n\master\warehouse\th.json", "JSON", 70, 0, 0, 0, 0, 0, 0, 0, 0, 0, 1, 71
"d:\Work Dev\source\repos\Makro-IMS\Makro.IMS\Makro.IMS.Web\src\assets\i18n\master\windows-time\en.json", "JSON", 80, 0, 0, 0, 0, 0, 0, 0, 0, 0, 2, 82
"d:\Work Dev\source\repos\Makro-IMS\Makro.IMS\Makro.IMS.Web\src\assets\i18n\master\windows-time\th.json", "JSON", 80, 0, 0, 0, 0, 0, 0, 0, 0, 0, 2, 82
"d:\Work Dev\source\repos\Makro-IMS\Makro.IMS\Makro.IMS.Web\src\assets\i18n\master\zone\en.json", "JSON", 67, 0, 0, 0, 0, 0, 0, 0, 0, 0, 1, 68
"d:\Work Dev\source\repos\Makro-IMS\Makro.IMS\Makro.IMS.Web\src\assets\i18n\master\zone\th.json", "JSON", 67, 0, 0, 0, 0, 0, 0, 0, 0, 0, 1, 68
"d:\Work Dev\source\repos\Makro-IMS\Makro.IMS\Makro.IMS.Web\src\assets\i18n\pre-check-in\pre-check-in-completed\en.json", "JSON", 84, 0, 0, 0, 0, 0, 0, 0, 0, 0, 1, 85
"d:\Work Dev\source\repos\Makro-IMS\Makro.IMS\Makro.IMS.Web\src\assets\i18n\pre-check-in\pre-check-in-completed\th.json", "JSON", 70, 0, 0, 0, 0, 0, 0, 0, 0, 0, 1, 71
"d:\Work Dev\source\repos\Makro-IMS\Makro.IMS\Makro.IMS.Web\src\assets\i18n\pre-check-in\pre-check-in-excel\en.json", "JSON", 84, 0, 0, 0, 0, 0, 0, 0, 0, 0, 1, 85
"d:\Work Dev\source\repos\Makro-IMS\Makro.IMS\Makro.IMS.Web\src\assets\i18n\pre-check-in\pre-check-in-excel\th.json", "JSON", 70, 0, 0, 0, 0, 0, 0, 0, 0, 0, 1, 71
"d:\Work Dev\source\repos\Makro-IMS\Makro.IMS\Makro.IMS.Web\src\assets\i18n\queuemanage\dockdoor-list\en.json", "JSON", 86, 0, 0, 0, 0, 0, 0, 0, 0, 0, 1, 87
"d:\Work Dev\source\repos\Makro-IMS\Makro.IMS\Makro.IMS.Web\src\assets\i18n\queuemanage\document-confirmation\en.json", "JSON", 80, 0, 0, 0, 0, 0, 0, 0, 0, 0, 1, 81
"d:\Work Dev\source\repos\Makro-IMS\Makro.IMS\Makro.IMS.Web\src\assets\i18n\queuemanage\manage-queue\en.json", "JSON", 81, 0, 0, 0, 0, 0, 0, 0, 0, 0, 1, 82
"d:\Work Dev\source\repos\Makro-IMS\Makro.IMS\Makro.IMS.Web\src\assets\i18n\queuemanage\manage-queue\th.json", "JSON", 70, 0, 0, 0, 0, 0, 0, 0, 0, 0, 1, 71
"d:\Work Dev\source\repos\Makro-IMS\Makro.IMS\Makro.IMS.Web\src\assets\i18n\th.json", "JSON", 77, 0, 0, 0, 0, 0, 0, 0, 0, 0, 1, 78
"d:\Work Dev\source\repos\Makro-IMS\Makro.IMS\Makro.IMS.Web\src\assets\i18n\trip\check-in-list\en.json", "JSON", 43, 0, 0, 0, 0, 0, 0, 0, 0, 0, 4, 47
"d:\Work Dev\source\repos\Makro-IMS\Makro.IMS\Makro.IMS.Web\src\assets\i18n\trip\check-in-list\th.json", "JSON", 43, 0, 0, 0, 0, 0, 0, 0, 0, 0, 4, 47
"d:\Work Dev\source\repos\Makro-IMS\Makro.IMS\Makro.IMS.Web\src\assets\i18n\trip\check-in\en.json", "JSON", 43, 0, 0, 0, 0, 0, 0, 0, 0, 0, 4, 47
"d:\Work Dev\source\repos\Makro-IMS\Makro.IMS\Makro.IMS.Web\src\assets\i18n\trip\check-in\th.json", "JSON", 43, 0, 0, 0, 0, 0, 0, 0, 0, 0, 4, 47
"d:\Work Dev\source\repos\Makro-IMS\Makro.IMS\Makro.IMS.Web\src\assets\i18n\trip\create-trip\en.json", "JSON", 43, 0, 0, 0, 0, 0, 0, 0, 0, 0, 4, 47
"d:\Work Dev\source\repos\Makro-IMS\Makro.IMS\Makro.IMS.Web\src\assets\i18n\trip\create-trip\th.json", "JSON", 43, 0, 0, 0, 0, 0, 0, 0, 0, 0, 4, 47
"d:\Work Dev\source\repos\Makro-IMS\Makro.IMS\Makro.IMS.Web\src\assets\i18n\trip\trip-list\en.json", "JSON", 76, 0, 0, 0, 0, 0, 0, 0, 0, 0, 2, 78
"d:\Work Dev\source\repos\Makro-IMS\Makro.IMS\Makro.IMS.Web\src\assets\i18n\trip\trip-list\th.json", "JSON", 75, 0, 0, 0, 0, 0, 0, 0, 0, 0, 2, 77
"d:\Work Dev\source\repos\Makro-IMS\Makro.IMS\Makro.IMS.Web\src\assets\images\access\asset-access.svg", "XML", 0, 0, 0, 0, 0, 46, 0, 0, 0, 0, 1, 47
"d:\Work Dev\source\repos\Makro-IMS\Makro.IMS\Makro.IMS.Web\src\assets\images\access\logo-orange.svg", "XML", 0, 0, 0, 0, 0, 16, 0, 0, 0, 0, 1, 17
"d:\Work Dev\source\repos\Makro-IMS\Makro.IMS\Makro.IMS.Web\src\assets\images\error\asset-error.svg", "XML", 0, 0, 0, 0, 0, 74, 0, 0, 0, 0, 1, 75
"d:\Work Dev\source\repos\Makro-IMS\Makro.IMS\Makro.IMS.Web\src\assets\images\error\logo-error.svg", "XML", 0, 0, 0, 0, 0, 16, 0, 0, 0, 0, 1, 17
"d:\Work Dev\source\repos\Makro-IMS\Makro.IMS\Makro.IMS.Web\src\assets\images\logo-dark.svg", "XML", 0, 0, 0, 0, 0, 7, 0, 0, 0, 0, 1, 8
"d:\Work Dev\source\repos\Makro-IMS\Makro.IMS\Makro.IMS.Web\src\assets\images\logo-white.svg", "XML", 0, 0, 0, 0, 0, 7, 0, 0, 0, 0, 1, 8
"d:\Work Dev\source\repos\Makro-IMS\Makro.IMS\Makro.IMS.Web\src\assets\images\notfound\logo-blue.svg", "XML", 0, 0, 0, 0, 0, 9, 0, 0, 0, 0, 1, 10
"d:\Work Dev\source\repos\Makro-IMS\Makro.IMS\Makro.IMS.Web\src\assets\theme\lara-light-indigo\theme-original.css", "CSS", 0, 0, 0, 0, 0, 0, 6099, 0, 0, 22, 197, 6318
"d:\Work Dev\source\repos\Makro-IMS\Makro.IMS\Makro.IMS.Web\src\assets\theme\lara-light-indigo\theme-red.css", "CSS", 0, 0, 0, 0, 0, 0, 1, 0, 0, 0, 0, 1
"d:\Work Dev\source\repos\Makro-IMS\Makro.IMS\Makro.IMS.Web\src\assets\theme\lara-light-indigo\theme.css", "CSS", 0, 0, 0, 0, 0, 0, 1, 0, 0, 0, 0, 1
"d:\Work Dev\source\repos\Makro-IMS\Makro.IMS\Makro.IMS.Web\src\environments\environment.prod.ts", "TypeScript", 0, 0, 0, 10, 0, 0, 0, 0, 0, 0, 1, 11
"d:\Work Dev\source\repos\Makro-IMS\Makro.IMS\Makro.IMS.Web\src\environments\environment.ts", "TypeScript", 0, 0, 0, 11, 0, 0, 0, 0, 0, 2, 1, 14
"d:\Work Dev\source\repos\Makro-IMS\Makro.IMS\Makro.IMS.Web\src\environments\environment.uat.ts", "TypeScript", 0, 0, 0, 10, 0, 0, 0, 0, 0, 6, 1, 17
"d:\Work Dev\source\repos\Makro-IMS\Makro.IMS\Makro.IMS.Web\src\index.html", "HTML", 0, 0, 0, 0, 0, 0, 0, 15, 0, 0, 1, 16
"d:\Work Dev\source\repos\Makro-IMS\Makro.IMS\Makro.IMS.Web\src\main.ts", "TypeScript", 0, 0, 0, 11, 0, 0, 0, 0, 0, 0, 6, 17
"d:\Work Dev\source\repos\Makro-IMS\Makro.IMS\Makro.IMS.Web\src\polyfills.ts", "TypeScript", 0, 0, 0, 1, 0, 0, 0, 0, 0, 47, 6, 54
"d:\Work Dev\source\repos\Makro-IMS\Makro.IMS\Makro.IMS.Web\src\test.ts", "TypeScript", 0, 0, 0, 18, 0, 0, 0, 0, 0, 4, 5, 27
"d:\Work Dev\source\repos\Makro-IMS\Makro.IMS\Makro.IMS.Web\tsconfig.app.json", "JSON", 14, 0, 0, 0, 0, 0, 0, 0, 0, 1, 1, 16
"d:\Work Dev\source\repos\Makro-IMS\Makro.IMS\Makro.IMS.Web\tsconfig.json", "JSON with Comments", 0, 38, 0, 0, 0, 0, 0, 0, 0, 0, 1, 39
"d:\Work Dev\source\repos\Makro-IMS\Makro.IMS\Makro.IMS.Web\tsconfig.spec.json", "JSON", 17, 0, 0, 0, 0, 0, 0, 0, 0, 1, 1, 19
"Total", "-", 27760, 38, 40, 24023, 37, 175, 6369, 11886, 2458, 1988, 5500, 80274